location_id,area_name,airbnb_listing_count,priced_airbnb_count,median_airbnb_nzd_per_night,active_bonds,median_bond_rent_nzd_per_week,median_gap_nzd_per_night
316400,,4,4,169.5,,,
316500,,1,1,163.0,,,
316600,,10,10,217.0,,,
316700,,24,24,147.0,,,
316800,,9,9,204.0,,,
316900,,12,11,150.0,,,
317000,,15,15,165.0,,,
317100,,1,1,110.0,,,
317200,,2,2,893.5,,,
317300,,3,3,194.0,,,
317400,,5,5,294.0,,,
317500,,14,13,245.0,,,
317600,,3,2,251.0,,,
317700,,12,12,154.0,,,
317800,,17,13,115.0,,,
317900,,4,3,115.0,,,
318000,,7,6,185.5,,,
318100,,3,3,191.0,,,
318300,,33,30,176.0,,,
318400,,6,6,218.0,,,
318500,,4,4,242.5,,,
318600,,8,7,102.0,,,
318700,,16,15,130.0,,,
318800,,4,4,160.5,,,
318900,,4,3,120.0,,,
319000,,2,2,120.0,,,
319200,,12,11,160.0,,,
319300,,11,9,78.0,,,
319400,,3,3,234.0,,,
319500,,15,13,124.0,,,
319600,,5,5,100.0,,,
319700,,8,7,238.0,,,
319800,,11,9,223.0,,,
319900,,12,7,149.0,,,
320000,,1,1,100.0,,,
320100,,8,8,126.5,,,
320200,,13,10,249.0,,,
320300,,2,2,274.5,,,
320400,,2,2,183.0,,,
320500,,19,19,208.0,,,
320600,,15,13,117.0,,,
320700,,7,5,294.0,,,
320800,,6,4,391.5,,,
320900,,8,7,283.0,,,
321000,,8,8,259.5,,,
321100,,17,15,269.0,,,
321200,,1,1,285.0,,,
321300,,8,5,80.0,,,
321400,,11,11,202.0,,,
321500,,10,9,266.0,,,
321600,,1,1,265.0,,,
321700,,9,7,95.0,,,
321800,,14,14,184.0,,,
321900,,7,7,137.0,,,
322000,,5,5,231.0,,,
322100,,18,15,321.0,,,
322200,,20,17,215.0,,,
322400,,19,18,195.5,,,
322500,Wigram North,8,8,332.0,,,
322600,Holmwood,12,11,451.0,,,
322700,,38,36,172.5,,,
322800,,1,1,389.0,,,
322900,,19,16,238.0,,,
323000,,60,55,265.0,,,
323100,,11,11,224.0,,,
323200,,29,26,237.5,,,
323300,,25,23,228.0,,,
323400,,16,16,85.0,,,
323500,,6,6,85.5,,,
323600,,5,5,408.0,,,
323700,,6,4,127.5,,,
323800,,30,25,249.0,,,
323900,,40,35,268.0,,,
324000,,6,5,80.0,,,
324100,,5,5,312.0,,,
324200,,3,3,274.0,,,
324300,,10,9,103.0,,,
324400,,40,28,251.5,,,
324500,,14,13,292.0,,,
324600,,3,2,364.5,,,
324700,,4,4,301.5,,,
324800,,51,47,230.0,,,
324900,,13,13,217.0,,,
325000,,10,10,231.5,,,
325100,,4,1,332.0,,,
325200,,24,22,226.5,,,
325300,,41,36,239.0,,,
325400,,6,5,234.0,,,
325500,,7,7,149.0,,,
325600,,5,5,78.0,,,
325700,,127,124,263.0,,,
325800,,193,187,259.0,,,
325900,,22,20,140.0,,,
326000,,10,9,168.0,,,
326100,,38,33,230.0,,,
326200,,2,2,90.0,,,
326300,,9,8,207.0,,,
326400,,17,17,224.0,,,
326500,,10,10,110.5,,,
326600,Christchurch Central,120,117,253.0,,,
326700,,8,8,222.5,,,
326800,,22,21,257.0,,,
326900,,17,16,130.5,,,
327000,,370,351,247.0,,,
327100,,288,280,218.0,,,
327200,,20,19,200.0,,,
327300,,15,14,229.0,,,
327400,,17,16,184.5,,,
327500,,5,5,70.0,,,
327600,,18,15,220.0,,,
327700,,7,5,278.0,,,
327800,,6,5,106.0,,,
327900,,50,44,222.0,,,
328000,,7,6,101.0,,,
328100,,19,19,184.0,,,
328200,,3,3,209.0,,,
328300,,5,5,82.0,,,
328400,,7,6,113.0,,,
328500,,9,8,138.5,,,
328600,,2,1,122.0,,,
328700,,7,5,146.0,,,
328800,,3,3,376.0,,,
328900,,33,33,189.0,,,
329000,,16,13,187.0,,,
329100,,20,18,191.0,,,
329200,,7,6,111.0,,,
329300,,10,10,116.0,,,
329400,,15,14,218.0,,,
329500,,4,2,163.5,,,
329600,,14,14,234.5,,,
329700,,13,10,253.0,,,
329800,,3,2,139.0,,,
329900,,13,10,118.0,,,
330000,,17,15,172.0,,,
330100,,10,10,115.5,,,
330200,,46,40,196.5,,,
330300,,15,14,216.0,,,
330500,,7,7,260.0,,,
330600,,16,12,111.5,,,
330800,,11,10,195.0,,,
330900,,2,2,184.5,,,
331000,,4,3,201.0,,,
331100,,10,9,162.0,,,
331200,,17,17,147.0,,,
331300,,28,23,166.0,,,
331400,,14,13,133.0,,,
331500,,2,2,252.0,,,
331600,,3,3,137.0,,,
331700,,21,18,198.0,,,
331800,,4,4,292.5,,,
331900,,10,9,166.0,,,
332000,,34,28,216.0,,,
332100,,27,24,297.0,,,
332200,,11,11,172.0,,,
332300,,2,2,504.5,,,
332400,,31,27,183.0,,,
332500,,59,51,215.0,,,
332600,,3,1,198.0,,,
332700,Sumner,69,61,331.0,,,
332800,,7,7,200.0,,,
332900,,48,42,220.0,,,
333100,,32,28,215.0,,,
333200,,31,27,281.0,,,
333300,,86,59,264.0,,,
333400,,24,22,232.5,,,
333500,,103,87,316.0,,,
363800,,2,2,549.0,,,
