location_id,area_name,airbnb_listing_count,priced_airbnb_count,median_airbnb_nzd_per_night,active_bonds,median_bond_rent_nzd_per_week,median_gap_nzd_per_night
316400,,4,4,169.5,,,
316500,,1,1,175.0,,,
316600,,11,11,191.0,,,
316700,,24,24,187.0,,,
316800,,9,9,202.0,,,
316900,,12,11,152.0,,,
317000,,15,15,174.0,,,
317100,,1,0,,,,
317200,,2,2,939.5,,,
317300,,3,3,158.0,,,
317400,,5,4,314.5,,,
317500,,14,14,247.5,,,
317600,,3,2,218.0,,,
317700,,12,12,154.5,,,
317800,,16,12,134.0,,,
317900,,4,3,145.0,,,
318000,,7,6,187.0,,,
318100,,3,3,197.0,,,
318300,,36,34,169.0,,,
318400,,6,6,172.5,,,
318500,,4,4,242.5,,,
318600,,7,4,112.0,,,
318700,,15,14,130.5,,,
318800,,4,4,159.0,,,
318900,,4,3,120.0,,,
319000,,2,2,122.0,,,
319200,,13,12,152.5,,,
319300,,11,9,78.0,,,
319400,,3,3,266.0,,,
319500,,15,13,114.0,,,
319600,,6,6,105.0,,,
319700,,7,5,248.0,,,
319800,,10,9,196.0,,,
319900,,12,7,140.0,,,
320000,,1,1,100.0,,,
320100,,8,8,134.0,,,
320200,,13,10,251.0,,,
320300,,2,2,258.0,,,
320400,,2,2,182.0,,,
320500,,19,19,208.0,,,
320600,,14,12,114.0,,,
320700,,7,5,357.0,,,
320800,,6,4,576.5,,,
320900,,9,8,263.0,,,
321000,,8,8,248.0,,,
321100,,19,17,230.0,,,
321200,,1,1,333.0,,,
321300,,6,4,124.0,,,
321400,,11,11,203.0,,,
321500,,9,8,225.0,,,
321600,,1,1,265.0,,,
321700,,9,8,98.5,,,
321800,,14,14,153.5,,,
321900,,7,6,194.5,,,
322000,,7,7,208.0,,,
322100,,18,15,321.0,,,
322200,,20,18,249.5,,,
322400,,20,19,174.0,,,
322500,Wigram North,8,7,355.0,,,
322600,Holmwood,12,11,398.0,,,
322700,,37,35,170.0,,,
322800,,1,1,372.0,,,
322900,,19,16,261.0,,,
323000,,61,54,260.0,,,
323100,,13,13,217.0,,,
323200,,27,24,264.0,,,
323300,,25,23,227.0,,,
323400,,16,12,90.5,,,
323500,,6,6,88.0,,,
323600,,5,5,366.0,,,
323700,,6,4,121.0,,,
323800,,30,26,245.0,,,
323900,,40,36,286.5,,,
324000,,6,6,97.0,,,
324100,,5,5,324.0,,,
324200,,4,4,226.5,,,
324300,,10,9,160.0,,,
324400,,40,27,257.0,,,
324500,,13,12,345.5,,,
324600,,3,2,302.0,,,
324700,,4,4,305.5,,,
324800,,53,50,244.5,,,
324900,,13,13,195.0,,,
325000,,10,10,237.0,,,
325100,,4,2,202.5,,,
325200,,24,23,255.0,,,
325300,,41,34,216.0,,,
325400,,6,5,229.0,,,
325500,,7,7,185.0,,,
325600,,5,5,66.0,,,
325700,,128,123,258.0,,,
325800,,191,186,246.0,,,
325900,,22,19,142.0,,,
326000,,10,9,170.0,,,
326100,,41,37,222.0,,,
326200,,2,2,84.0,,,
326300,,10,8,217.5,,,
326400,,17,17,218.0,,,
326500,,10,10,114.0,,,
326600,Christchurch Central,124,121,256.0,,,
326700,,8,8,224.0,,,
326800,,23,22,252.0,,,
326900,,17,15,140.0,,,
327000,,372,355,237.0,,,
327100,,293,285,210.0,,,
327200,,20,19,187.0,,,
327300,,15,14,332.0,,,
327400,,19,18,183.5,,,
327500,,4,3,90.0,,,
327600,,17,15,246.0,,,
327700,,8,6,196.0,,,
327800,,6,5,117.0,,,
327900,,58,50,230.0,,,
328000,,7,6,100.0,,,
328100,,17,17,172.0,,,
328200,,4,4,145.5,,,
328300,,5,5,83.0,,,
328400,,7,5,105.0,,,
328500,,8,7,89.0,,,
328600,,2,1,110.0,,,
328700,,7,5,137.0,,,
328800,,4,4,222.0,,,
328900,,31,29,188.0,,,
329000,,16,13,270.0,,,
329100,,20,18,196.5,,,
329200,,7,6,154.0,,,
329300,,10,10,116.0,,,
329400,,15,14,232.0,,,
329500,,4,2,171.0,,,
329600,,14,14,231.5,,,
329700,,12,9,217.0,,,
329800,,2,1,103.0,,,
329900,,14,10,91.0,,,
330000,,17,15,191.0,,,
330100,,10,9,103.0,,,
330200,,44,40,193.5,,,
330300,,16,15,212.0,,,
330500,,7,7,258.0,,,
330600,,17,12,111.0,,,
330800,,10,9,200.0,,,
330900,,2,2,198.0,,,
331000,,4,3,201.0,,,
331100,,10,10,172.5,,,
331200,,18,18,143.5,,,
331300,,26,22,194.0,,,
331400,,14,13,137.0,,,
331500,,2,1,84.0,,,
331600,,3,3,137.0,,,
331700,,21,17,194.0,,,
331800,,4,3,411.0,,,
331900,,10,9,164.0,,,
332000,,35,28,227.5,,,
332100,,27,24,280.5,,,
332200,,10,9,176.0,,,
332300,,2,2,447.0,,,
332400,,31,27,174.0,,,
332500,,60,53,227.0,,,
332600,,3,1,226.0,,,
332700,Sumner,70,60,356.0,,,
332800,,7,7,206.0,,,
332900,,48,42,224.5,,,
333100,,32,28,215.5,,,
333200,,31,27,276.0,,,
333300,,87,58,264.0,,,
333400,,24,22,250.5,,,
333500,,102,82,300.0,,,
363800,,2,2,541.0,,,
