location_id,airbnb_listing_count,available_airbnb_count,priced_airbnb_count,valid_gap_count,median_gap_nzd_per_night,active_bonds
316400,4,4,4,0,,
316500,1,1,1,0,,
316600,11,11,11,11,110.14285714285714,132.0
316700,23,23,23,0,,
316800,9,9,9,9,139.14285714285714,33.0
316900,12,12,12,12,62.35714285714286,186.0
317000,14,14,14,0,,
317100,1,1,1,0,,
317200,2,2,2,0,,
317300,2,2,2,2,68.35714285714286,189.0
317400,5,5,5,5,190.0,144.0
317500,14,14,14,0,,
317600,3,3,3,3,24.714285714285708,54.0
317700,12,12,11,11,91.28571428571428,186.0
317800,17,13,13,13,40.57142857142857,294.0
317900,4,3,3,3,47.0,273.0
318000,7,6,6,6,85.42857142857144,279.0
318100,2,2,2,2,204.92857142857144,81.0
318300,31,28,28,28,80.71428571428571,273.0
318400,6,6,6,6,111.07142857142856,195.0
318500,4,4,4,0,,
318600,8,7,7,7,12.0,111.0
318700,16,16,16,16,42.78571428571429,111.0
318800,4,4,4,4,98.21428571428572,129.0
318900,3,2,2,2,20.92857142857143,117.0
319000,2,2,2,2,40.42857142857143,207.0
319200,12,12,12,12,65.5,342.0
319300,11,11,10,10,9.642857142857139,273.0
319400,3,3,3,3,171.0,153.0
319500,14,13,13,13,22.14285714285714,273.0
319600,5,5,5,5,11.285714285714292,228.0
319700,8,7,7,7,173.28571428571428,300.0
319800,10,8,8,8,98.0,219.0
319900,12,8,8,8,59.42857142857143,423.0
320000,1,1,1,0,,
320100,8,8,8,8,51.35714285714286,360.0
320200,13,10,10,10,129.71428571428572,573.0
320300,2,2,2,2,180.42857142857144,246.0
320400,2,2,2,0,,
320500,19,19,19,19,119.57142857142856,288.0
320600,15,13,13,13,15.57142857142857,234.0
320700,7,5,5,5,221.42857142857144,444.0
320800,5,4,4,4,287.6428571428571,270.0
320900,7,7,7,7,135.28571428571428,255.0
321000,7,7,7,7,158.57142857142856,483.0
321100,16,14,14,14,161.92857142857144,423.0
321200,1,1,1,1,170.57142857142856,273.0
321300,9,6,6,6,-27.714285714285708,150.0
321400,11,10,10,10,89.92857142857144,315.0
321500,10,10,8,8,164.92857142857144,114.0
321600,1,1,1,0,,
321700,9,8,8,8,58.92857142857143,276.0
321800,13,13,13,13,90.57142857142856,714.0
321900,7,7,7,7,90.85714285714286,297.0
322000,5,5,5,0,,
322100,18,15,15,15,194.57142857142856,273.0
322200,19,18,17,17,134.28571428571428,270.0
322400,19,19,19,19,82.0,231.0
322500,8,7,7,7,242.7142857142857,117.0
322600,12,11,10,10,242.71428571428572,120.0
322700,39,38,36,36,96.0,528.0
322800,1,1,1,1,240.14285714285717,99.0
322900,19,17,16,16,161.78571428571428,96.0
323000,58,54,53,53,173.42857142857144,645.0
323100,11,11,11,11,126.28571428571428,321.0
323200,30,29,28,28,130.78571428571428,261.0
323300,24,24,23,23,147.28571428571428,894.0
323400,12,12,11,11,23.0,276.0
323500,6,6,6,0,,
323600,5,5,5,5,229.28571428571428,132.0
323700,5,5,4,4,68.35714285714286,135.0
323800,30,27,25,25,154.71428571428572,573.0
323900,41,39,35,35,164.14285714285714,711.0
324000,6,6,6,6,0.7142857142857082,198.0
324100,4,4,4,4,183.5,63.0
324200,4,4,4,0,,
324300,9,8,8,8,99.64285714285715,147.0
324400,40,29,29,29,174.28571428571428,969.0
324500,13,12,12,12,117.64285714285715,363.0
324600,4,2,2,2,70.78571428571428,189.0
324700,4,4,4,0,,
324800,50,47,47,47,150.71428571428572,981.0
324900,13,13,13,0,,
325000,10,10,10,10,147.71428571428572,297.0
325100,4,2,2,2,130.64285714285717,261.0
325200,24,23,23,23,117.42857142857144,279.0
325300,42,39,38,38,152.5,1425.0
325400,6,6,6,6,125.35714285714286,117.0
325500,7,7,7,0,,
325600,5,5,5,5,-29.714285714285708,210.0
325700,127,124,123,123,176.57142857142856,441.0
325800,194,191,188,188,166.21428571428572,1131.0
325900,20,17,17,17,115.28571428571428,342.0
326000,10,9,9,0,,
326100,38,35,34,34,142.64285714285714,861.0
326200,2,2,2,0,,
326300,9,8,8,8,125.14285714285714,246.0
326400,17,17,17,17,135.28571428571428,69.0
326500,10,10,10,10,34.71428571428571,291.0
326600,119,117,117,117,173.28571428571428,42.0
326700,7,7,7,7,164.71428571428572,171.0
326800,23,23,22,22,193.78571428571428,810.0
326900,17,15,15,15,60.42857142857143,552.0
327000,365,357,354,354,160.07142857142856,987.0
327100,289,282,282,282,133.21428571428572,276.0
327200,21,19,19,19,103.0,288.0
327300,13,12,12,12,214.7142857142857,180.0
327400,18,15,15,15,88.57142857142857,873.0
327500,5,5,5,5,-16.714285714285708,159.0
327600,17,15,15,15,121.0,738.0
327700,7,5,5,5,193.0,228.0
327800,6,4,4,4,81.14285714285714,198.0
327900,49,44,44,44,126.78571428571428,1692.0
328000,8,7,7,7,6.142857142857139,150.0
328100,19,19,19,19,117.42857142857144,105.0
328200,4,4,4,4,31.714285714285708,357.0
328300,5,5,5,5,9.285714285714292,276.0
328400,7,6,6,6,18.85714285714286,243.0
328500,10,9,9,9,58.71428571428571,459.0
328600,2,1,1,1,-3.5714285714285694,222.0
328700,7,5,4,4,78.21428571428572,336.0
328800,4,4,4,0,,
328900,32,32,31,31,122.0,1116.0
329000,16,13,13,13,67.71428571428571,237.0
329100,21,19,18,18,107.71428571428572,486.0
329200,8,7,7,7,35.0,270.0
329300,10,10,10,10,36.35714285714286,189.0
329400,16,15,15,15,153.71428571428572,585.0
329500,4,4,4,4,99.14285714285714,138.0
329600,14,14,14,14,150.71428571428572,399.0
329700,14,10,10,10,176.8571428571429,576.0
329800,3,2,2,2,89.85714285714286,138.0
329900,13,12,11,11,17.85714285714286,639.0
330000,17,15,15,15,70.0,66.0
330100,10,10,9,9,36.57142857142857,369.0
330200,44,42,40,40,106.71428571428572,480.0
330300,15,14,14,14,159.0,141.0
330500,8,8,8,8,187.5,258.0
330600,15,11,11,11,10.42857142857143,135.0
330800,10,9,9,9,91.57142857142856,162.0
330900,2,2,2,2,82.71428571428571,111.0
331000,4,3,3,3,128.71428571428572,108.0
331100,10,9,9,9,75.28571428571429,339.0
331200,17,17,17,17,47.42857142857143,108.0
331300,28,24,23,23,82.14285714285714,156.0
331400,14,13,13,13,69.42857142857143,162.0
331500,2,2,2,0,,
331600,3,3,3,0,,
331700,19,16,16,16,97.57142857142856,210.0
331800,4,4,4,0,,
331900,10,9,9,9,56.85714285714286,114.0
332000,33,30,28,28,112.5,153.0
332100,27,25,25,25,194.0,153.0
332200,11,11,11,0,,
332300,2,2,2,0,,
332400,32,30,29,29,76.85714285714286,90.0
332500,59,56,54,54,138.78571428571428,231.0
332600,3,2,1,0,,
332700,68,60,59,59,220.42857142857144,258.0
332800,8,8,8,0,,
332900,49,47,44,0,,
333100,37,33,33,0,,
333200,32,30,29,0,,
333300,85,76,66,0,,
333400,24,23,22,0,,
333500,103,100,93,0,,
363800,2,2,2,0,,
