column,min,max,mean,std
id,204050.0,1.7504853871796541e+18,9.190409487495653e+17,5.99961411913287e+17
host_id,57382.0,1.7499451282676355e+18,5451807071972442.0,9.603850778456486e+16
latitude,-43.86751,-43.41634,-43.55517546989219,0.07580696810915137
longitude,172.43337500975144,173.0970011395678,172.66101106084054,0.0963203485856271
price,27.0,43654.0,260.7557807010377,822.514148879842
minimum_nights,1.0,365.0,1.7680583908946,5.577906898533082
number_of_reviews,0.0,1601.0,70.47628226617499,120.69448278486963
reviews_per_month,0.01,16.57,2.32449266015601,2.167385084696222
calculated_host_listings_count,1.0,1586.0,58.007067828807685,182.51758992027862
availability_365,0.0,365.0,203.61286177226506,112.48164737247676
number_of_reviews_ltm,0.0,185.0,18.9918426639848,23.506837514204317
license,,,,
days_since_last_review,0.0,4234.0,115.59171058624504,290.9416659692621
