column,missing_rows,nonmissing_rows
id,0,35796
name,0,35796
host_id,0,35796
host_name,1,35795
neighbourhood_group,0,35796
neighbourhood,0,35796
latitude,0,35796
longitude,0,35796
room_type,0,35796
price,11318,24478
minimum_nights,37,35759
number_of_reviews,0,35796
last_review,3234,32562
reviews_per_month,3234,32562
calculated_host_listings_count,0,35796
availability_365,0,35796
number_of_reviews_ltm,0,35796
license,35796,0
month_year,0,35796
scrape_date,0,35796
days_since_last_review,5058,30738
