id,name,host_id,host_name,neighbourhood_group,neighbourhood,latitude,longitude,room_type,price,minimum_nights,number_of_reviews,last_review,reviews_per_month,calculated_host_listings_count,availability_365,number_of_reviews_ltm,license,month_year,scrape_date,days_since_last_review
552170024764779150,Executive City Pad Free Basement Park CBD 3 Mins,45768555.0,Hasslefree Accommodation,Christchurch City,Central Ward,-43.53391,172.62885,Entire home/apt,233.0,1.0,211,2026-08-12,3.86,65.0,302,48,,2026-08,2026-08-13,1.0
10282667,Brickledown Cottage in Central location......,52886843.0,Jo,Christchurch City,Central Ward,-43.53154,172.65214,Entire home/apt,270.0,2.0,460,2026-07-06,3.59,1.0,238,48,,2026-08,2026-08-13,38.0
45081468,Modern Central City Sunny Apartment,363885946.0,Rebecca,Christchurch City,Central Ward,-43.53336,172.64166,Entire home/apt,241.0,2.0,251,2026-08-10,3.46,1.0,74,45,,2026-08,2026-08-13,3.0
787778775400488819,Beating Heart of Christchurch,202585247.0,Ohana,Christchurch City,Central Ward,-43.5366847,172.6407056,Entire home/apt,323.0,1.0,246,2026-08-08,5.56,155.0,94,45,,2026-08,2026-08-13,5.0
784860907340643953,Parkside Retreat/5mins to airport/Self-Checkin,57576452.0,Vicky & Vincent,Christchurch City,Waimairi Ward,-43.5000452,172.564801,Entire home/apt,99.0,1.0,550,2026-07-24,12.41,1.0,191,147,,2026-08,2026-08-13,20.0
25789624,Warm room in modern home,86632390.0,Trish,Christchurch City,Burwood Ward,-43.47943,172.67865,Private room,85.0,1.0,488,2026-08-01,4.92,1.0,320,34,,2026-08,2026-08-13,12.0
44367152,"Enjoy this magical place,  best views in the bay",302229457.0,Kimberley,Christchurch City,Banks Peninsula Ward,-43.81169,172.90853,Entire home/apt,422.0,2.0,192,2026-06-01,2.64,1.0,151,14,,2026-08,2026-08-13,73.0
27821323,Walk along the Beach from a Cosy Studio in Sumner,144414938.0,Rachel,Christchurch City,Heathcote Ward,-43.57627,172.76412,Entire home/apt,182.0,1.0,499,2026-07-23,5.19,1.0,185,42,,2026-08,2026-08-13,21.0
28764644,Affordable CBD Studio For 4!  - Free Parking,180772694.0,Andrew,Christchurch City,Fendalton Ward,-43.52201,172.62124,Entire home/apt,181.0,1.0,212,2026-08-03,2.3,2.0,319,56,,2026-08,2026-08-13,10.0
772119345048680386,Beautiful Home w/Parking | 5 min to One NZ Stadium,131734373.0,Alicia,Christchurch City,Linwood Ward,-43.54946,172.6722883,Entire home/apt,258.0,1.0,225,2026-07-11,5.0,10.0,253,41,,2026-08,2026-08-13,33.0
1429281,Self contained & fully equipped,7619275.0,Liz & Gordon,Christchurch City,Halswell Ward,-43.56982,172.55229,Private room,70.0,5.0,211,2026-08-04,1.33,1.0,308,22,,2026-08,2026-08-13,9.0
26822189,Central City Apartment,114687337.0,Garry,Christchurch City,Central Ward,-43.52452,172.63319,Entire home/apt,146.0,1.0,1086,2026-07-27,11.03,1.0,154,105,,2026-08,2026-08-13,17.0
28996839,Feel the serenity **Perfect for families**,97342975.0,Jody,Christchurch City,Banks Peninsula Ward,-43.81305,172.96555,Entire home/apt,284.0,2.0,264,2026-07-09,2.78,1.0,153,32,,2026-08,2026-08-13,35.0
29660940,Teeming House/Family Home near Airport,56790664.0,Candy,Christchurch City,Waimairi Ward,-43.49583,172.56887,Entire home/apt,238.0,1.0,474,2026-04-25,5.46,5.0,205,40,,2026-08,2026-08-13,110.0
41113877,Tranquil hideaway,24561336.0,Maree,Christchurch City,Banks Peninsula Ward,-43.81493,172.96426,Entire home/apt,350.0,1.0,429,2026-08-08,5.34,1.0,295,52,,2026-08,2026-08-13,5.0
988520051301728024,3 Bed 2.5 Bath Riccarton W/Games room,482671075.0,Care Property Stays,Christchurch City,Riccarton Ward,-43.5329889,172.592829,Entire home/apt,260.0,1.0,252,2026-08-02,7.25,184.0,214,79,,2026-08,2026-08-13,11.0
13018855,Inner City Comfort,2836786.0,Karen,Christchurch City,Central Ward,-43.52794,172.64569,Private room,228.0,1.0,291,2026-07-04,2.35,1.0,358,20,,2026-08,2026-08-13,40.0
53245815,Contemporary Central City Apartment,121279602.0,Alaine,Christchurch City,Central Ward,-43.52672,172.64826,Entire home/apt,252.0,1.0,366,2026-07-04,6.88,1.0,115,43,,2026-08,2026-08-13,40.0
52394243,Stylish 1BR Apartment Opposite Hagley Park,49642171.0,Lily-SimplyHost,Christchurch City,Spreydon Ward,-43.54003,172.6181,Entire home/apt,167.0,1.0,282,2026-06-28,5.09,97.0,231,9,,2026-08,2026-08-13,46.0
51522809,Beautiful Kereru Cottage..... everything on offer,417375305.0,Cam,Christchurch City,Banks Peninsula Ward,-43.77256,172.78811,Entire home/apt,220.0,1.0,286,2026-07-22,4.88,1.0,184,28,,2026-08,2026-08-13,22.0
34798440,Christchurch Central Apartment,245042934.0,Colleen,Christchurch City,Central Ward,-43.52759,172.63683,Entire home/apt,200.0,1.0,321,2026-06-19,3.72,1.0,65,34,,2026-08,2026-08-13,55.0
22656416,RELAX IN THE POOL - STAYING IN CBD BY CATHEDRAL,166878022.0,Michelle,Christchurch City,Central Ward,-43.53162,172.63783,Entire home/apt,256.0,1.0,581,2026-07-17,5.6,2.0,120,41,,2026-08,2026-08-13,27.0
23149005,Bottle Lake En-suite. Warm/Private/ 12pm checkout!,88769311.0,Steve,Christchurch City,Coastal Ward,-43.47105,172.69943,Entire home/apt,101.0,1.0,568,2026-07-13,6.29,2.0,108,73,,2026-08,2026-08-13,31.0
45226251,Perfect getaway CHCH CBD tidy cozy townhouse,365360819.0,Chao,Christchurch City,Central Ward,-43.52822,172.64532,Entire home/apt,170.0,1.0,323,2026-08-03,4.48,8.0,170,58,,2026-08,2026-08-13,10.0
834441199423436405,The Hagley Park Stunna!,202585247.0,Ohana,Christchurch City,Central Ward,-43.53832,172.62105,Entire home/apt,228.0,1.0,250,2026-08-07,5.98,155.0,158,67,,2026-08,2026-08-13,6.0
806018558867953027,Brand new 2 bed ocean view!.,36181980.0,Chris,Christchurch City,Coastal Ward,-43.5036249,172.7293298,Entire home/apt,195.0,1.0,241,2026-07-20,5.91,3.0,95,58,,2026-08,2026-08-13,24.0
574265726236174386,Waterfront 2-bedroom apartment with car park,447669268.0,Carolyn,Christchurch City,Banks Peninsula Ward,-43.81003,172.9623,Entire home/apt,185.0,1.0,410,2026-08-10,7.69,1.0,217,42,,2026-08,2026-08-13,3.0
10283682,Akaroa Cottage,52894210.0,Annette,Christchurch City,Banks Peninsula Ward,-43.79935,172.97332,Entire home/apt,177.0,2.0,323,2026-07-23,2.51,1.0,246,29,,2026-08,2026-08-13,21.0
46852276,Akaroa apartment with sea views,178901714.0,Kathryn,Christchurch City,Banks Peninsula Ward,-43.80781,172.96323,Entire home/apt,351.0,2.0,311,2026-08-08,4.56,1.0,176,53,,2026-08,2026-08-13,5.0
46300458,City Centre*3Bdr*4Beds*2.5 Bath*Carpark*Wkly Disc.,45768555.0,Hasslefree Accommodation,Christchurch City,Central Ward,-43.53412,172.64153,Entire home/apt,365.0,2.0,286,2026-07-25,4.11,65.0,137,40,,2026-08,2026-08-13,19.0
6824533,Papanui Paris Inspired Apartment,35747651.0,Heather,Christchurch City,Fendalton Ward,-43.50956,172.60341,Entire home/apt,141.0,2.0,290,2026-07-13,2.43,1.0,324,7,,2026-08,2026-08-13,31.0
1088774752680002629,Beautiful Haven Near Airport!,131734373.0,Alicia,Christchurch City,Harewood Ward,-43.4902,172.5768,Entire home/apt,309.0,1.0,198,2026-07-15,6.51,10.0,276,68,,2026-08,2026-08-13,29.0
40181973,Spacious Family-Friendly 4BR Home | near Airport,145918006.0,Stephanie,Christchurch City,Waimairi Ward,-43.50331759588552,172.58236443877755,Entire home/apt,339.0,1.0,242,2026-08-11,3.0,2.0,151,59,,2026-08,2026-08-13,2.0
1068528666894118761,Stunning House with Spa & Incredible Views,23389870.0,Hennie,Christchurch City,Banks Peninsula Ward,-43.63564,172.72036,Entire home/apt,257.0,1.0,240,2026-08-01,7.97,5.0,282,91,,2026-08,2026-08-13,12.0
763154657366616081,Studio Unit with Spa Bath!,488268220.0,Martin Alejandro,Christchurch City,Hornby Ward,-43.53364762574401,172.54678890109062,Entire home/apt,232.0,1.0,295,2026-08-12,6.7,8.0,57,77,,2026-08,2026-08-13,1.0
872528956283395020,Stylish Townhouse in Riccarton With Free Parking,682808597.0,Devon,Christchurch City,Riccarton Ward,-43.53384,172.5938,Entire home/apt,330.0,1.0,248,2026-08-01,6.15,28.0,228,55,,2026-08,2026-08-13,12.0
49389638,Wonderful Family Retreat | 4BR Near Airport,49642171.0,Lily-SimplyHost,Christchurch City,Hornby Ward,-43.52128,172.52786,Entire home/apt,432.0,1.0,216,2026-07-17,3.37,97.0,254,58,,2026-08,2026-08-13,27.0
17389174,Sunny modern room w/ door to garden & own bathroom,117558341.0,Alison,Christchurch City,Central Ward,-43.5158,172.66294,Private room,72.0,2.0,289,2026-08-07,2.52,1.0,126,23,,2026-08,2026-08-13,6.0
18293759,"City Paradise  
CabbageTree Retreat",126515549.0,Vicky,Christchurch City,Central Ward,-43.52263,172.65459,Entire home/apt,199.0,1.0,363,2026-07-11,3.28,1.0,210,33,,2026-08,2026-08-13,33.0
13927470,"Rossall BnB -Self cont unit, 2km city, bkfast, bus",82731402.0,Rossall BnB,Christchurch City,Fendalton Ward,-43.51819,172.61528,Entire home/apt,152.0,1.0,373,2026-08-08,3.06,1.0,268,65,,2026-08,2026-08-13,5.0
17628262,Double room with en suite and breakfast,96710780.0,Peter,Christchurch City,Innes Ward,-43.51461,172.65253,Private room,147.0,1.0,603,2026-08-08,5.36,3.0,160,88,,2026-08,2026-08-13,5.0
38984697,Modern guestsuite close to University,134311492.0,Liz,Christchurch City,Riccarton Ward,-43.53078,172.57813,Entire home/apt,95.0,2.0,223,2026-07-31,2.69,1.0,138,32,,2026-08,2026-08-13,13.0
22636676,"Bryndwr beauty with free breakfast, Wifi & Netflix",166671081.0,Wendy,Christchurch City,Waimairi Ward,-43.50081,172.58361,Entire home/apt,96.0,1.0,803,2026-07-30,7.68,1.0,254,70,,2026-08,2026-08-13,14.0
43582164,Beautiful sunny apartment with off street carpark,123463466.0,Tracey,Christchurch City,Central Ward,-43.52799,172.64227,Entire home/apt,217.0,2.0,241,2026-07-09,3.2,3.0,86,33,,2026-08,2026-08-13,35.0
12613591,"Airport Studio, King bed. NO CLEANING  FEE.",67545571.0,Sharon,Christchurch City,Papanui Ward,-43.49814,172.59603,Entire home/apt,113.0,1.0,1555,2026-07-04,12.46,3.0,256,93,,2026-08,2026-08-13,40.0
2238148,"Private, Cosy Self Contained. Long Stay's Welcome",6155840.0,Robyn,Christchurch City,Papanui Ward,-43.47967543598596,172.61712715029716,Entire home/apt,111.0,2.0,470,2026-08-10,3.1,1.0,218,81,,2026-08,2026-08-13,3.0
40355440,Fabulous townhouse  in Christchurch centre,86216394.0,Min,Christchurch City,Central Ward,-43.52753,172.64305,Entire home/apt,205.0,1.0,389,2026-07-31,4.77,42.0,164,32,,2026-08,2026-08-13,13.0
609503996966601810,Central 2BR Townhouse | Near CBD + Stadium,202585247.0,Ohana,Christchurch City,Central Ward,-43.52322,172.64187,Entire home/apt,220.0,1.0,391,2026-07-21,7.47,155.0,140,73,,2026-08,2026-08-13,23.0
967760129147377073,Walk to Riverside Market: 4 bed 4 bath w/ Car Park,482671075.0,Care Property Stays,Christchurch City,Central Ward,-43.535568,172.6318853,Entire home/apt,485.0,1.0,224,2026-08-01,6.32,184.0,212,53,,2026-08,2026-08-13,12.0
615313985007063347,City Nook | 2BR with Courtyard | CBD + Stadium,202585247.0,Ohana,Christchurch City,Central Ward,-43.5337122,172.6490796,Entire home/apt,264.0,1.0,294,2026-07-23,5.65,155.0,126,29,,2026-08,2026-08-13,21.0
837058062814020519,Enchanting Getaway in Merivale,202585247.0,Ohana,Christchurch City,Fendalton Ward,-43.5146541,172.6258586,Entire home/apt,311.0,1.0,285,2026-08-08,6.79,155.0,129,66,,2026-08,2026-08-13,5.0
47761558,Handy Riccarton Hagley Park CBD 10 Mins,45768555.0,Hasslefree Accommodation,Christchurch City,Riccarton Ward,-43.5357,172.60242,Entire home/apt,430.0,1.0,201,2026-07-05,2.99,65.0,336,19,,2026-08,2026-08-13,39.0
714770206988723448,"Modern home with parking, spa pool & courtyard",19990313.0,Jeff & Rosana,Christchurch City,Riccarton Ward,-43.53545,172.60476,Entire home/apt,280.0,1.0,313,2026-08-11,6.96,1.0,145,110,,2026-08,2026-08-13,2.0
15472945,Central & Stylish - Bedroom & Private Bathroom,37744826.0,Kevin,Christchurch City,Riccarton Ward,-43.52648,172.60572,Private room,147.0,2.0,232,2026-05-30,2.0,1.0,128,33,,2026-08,2026-08-13,75.0
30020244,Haven in Huntsbury: The genuine Bed and Breakfast,24563785.0,Carol,Christchurch City,Cashmere Ward,-43.5709,172.64482,Private room,137.0,1.0,200,2026-04-27,2.13,1.0,340,24,,2026-08,2026-08-13,108.0
21702984,Beckenham retreat-no cleaning fee,143593937.0,Gill,Christchurch City,Cashmere Ward,-43.56474,172.64401,Private room,80.0,1.0,768,2026-05-27,7.22,1.0,56,107,,2026-08,2026-08-13,78.0
1100518535899259167,Stylish 2BR in Merivale | Quiet Street near CBD,129377311.0,Sammi,Christchurch City,Fendalton Ward,-43.51372,172.62477,Entire home/apt,289.0,1.0,221,2026-08-10,7.4,2.0,46,113,,2026-08,2026-08-13,3.0
667758223208977117,"WakeUp in CHCH Urban Oasis, Close to Arena&Railway",25913857.0,Ads,Christchurch City,Spreydon Ward,-43.54508,172.61071,Entire home/apt,159.0,1.0,283,2026-08-02,5.69,1.0,317,83,,2026-08,2026-08-13,11.0
835763301153714646,1 Bed Central City Fringe Deluxe w/Carpark,482671075.0,Care Property Stays,Christchurch City,Spreydon Ward,-43.5460365,172.6197479,Entire home/apt,154.0,1.0,264,2026-08-09,6.47,184.0,254,69,,2026-08,2026-08-13,4.0
877734750121795480,A Hidden Gem on Lincoln Road,155024348.0,Jenna,Christchurch City,Spreydon Ward,-43.54379,172.61418,Entire home/apt,197.0,1.0,252,2026-07-28,6.55,1.0,202,95,,2026-08,2026-08-13,16.0
10792884,Vintage charm - 1930s Home with Luxe Bedding,52334730.0,Sutza,Christchurch City,Cashmere Ward,-43.56710052490234,172.6211395263672,Entire home/apt,193.0,2.0,303,2026-07-28,2.39,1.0,223,25,,2026-08,2026-08-13,16.0
24105215,Private self contained flat in garden setting,147861891.0,Andrew And Sue,Christchurch City,Heathcote Ward,-43.55866,172.67018,Entire home/apt,106.0,2.0,221,2026-07-31,2.19,1.0,324,46,,2026-08,2026-08-13,13.0
43690597,New stylish apartment in the heart of CBD,99704310.0,Coco,Christchurch City,Central Ward,-43.53336,172.64232,Entire home/apt,120.0,1.0,493,2026-07-23,6.56,1.0,93,51,,2026-08,2026-08-13,21.0
17331633,"""Different, better; place to be to make the scene",116642481.0,Rowan,Christchurch City,Innes Ward,-43.50854,172.63388,Private room,53.0,2.0,554,2026-07-12,4.83,1.0,351,30,,2026-08,2026-08-13,32.0
588792595589642283,"Convenient, spacious 3 B/R Oasis",102656424.0,Dave And Wendy,Christchurch City,Innes Ward,-43.51386,172.65297,Entire home/apt,212.0,1.0,248,2026-07-11,4.71,1.0,29,71,,2026-08,2026-08-13,33.0
8034246,Serene garden studio with spa near beach and city,42420923.0,Kim,Christchurch City,Coastal Ward,-43.51342009222385,172.73116193711758,Entire home/apt,133.0,1.0,272,2026-05-10,7.52,1.0,165,68,,2026-08,2026-08-13,95.0
47850750,"Best Location Park, Hospital, Supermarket, handy.",45768555.0,Hasslefree Accommodation,Christchurch City,Riccarton Ward,-43.52854,172.61055,Entire home/apt,393.0,1.0,197,2026-06-26,2.92,65.0,255,19,,2026-08,2026-08-13,48.0
47523459,Bambina Luxe New Townhouse with upgraded supplies,86216394.0,Min,Christchurch City,Central Ward,-43.52826,172.61255,Entire home/apt,176.0,1.0,311,2026-07-17,4.59,42.0,210,40,,2026-08,2026-08-13,27.0
40327816,Stylish apartment in historic Edwardian building.,117503447.0,Liliana,Christchurch City,Central Ward,-43.53749,172.63725,Entire home/apt,272.0,2.0,227,2026-07-20,2.84,2.0,342,42,,2026-08,2026-08-13,24.0
50381603,"New Luxury town house on Salisbury with 65""TV",86216394.0,Min,Christchurch City,Central Ward,-43.52537,172.64181,Entire home/apt,196.0,1.0,201,2026-07-25,3.27,42.0,199,38,,2026-08,2026-08-13,19.0
19234121,Serviced Guest suite in City Centre,87223355.0,Karen,Christchurch City,Central Ward,-43.53199,172.64397,Private room,120.0,1.0,826,2026-07-25,7.47,3.0,176,60,,2026-08,2026-08-13,19.0
53985875,New 3 Storey luxe townhouse on quiet street,86216394.0,Min,Christchurch City,Central Ward,-43.52835,172.63261,Entire home/apt,213.0,1.0,259,2026-08-04,4.6,42.0,33,46,,2026-08,2026-08-13,9.0
22691445,Latimer Square City Apartment,105411232.0,Emma,Christchurch City,Central Ward,-43.53248,172.64463,Entire home/apt,221.0,1.0,465,2026-08-06,4.46,3.0,196,14,,2026-08,2026-08-13,7.0
53881712,"Modern Warm Suite near TePae, CBD and Hagley Park",122142397.0,Lyle,Christchurch City,Central Ward,-43.52756118774414,172.6314697265625,Entire home/apt,140.0,3.0,233,2026-08-05,4.31,1.0,64,45,,2026-08,2026-08-13,8.0
47225102,Stylish one bedroom entire apartment Speedy WiFi,86216394.0,Min,Christchurch City,Central Ward,-43.52533,172.64131,Entire home/apt,180.0,1.0,215,2026-07-26,3.14,42.0,165,57,,2026-08,2026-08-13,18.0
876612046022154745,Luxury Life Galore - Sleeps 4,202585247.0,Ohana,Christchurch City,Central Ward,-43.53279,172.63908,Entire home/apt,411.0,1.0,343,2026-08-01,8.54,155.0,116,84,,2026-08,2026-08-13,12.0
49642646,CBD Bright&Warm Home Free Parking in quiet complex,86216394.0,Min,Christchurch City,Central Ward,-43.53368,172.64213,Entire home/apt,237.0,1.0,239,2026-08-01,3.79,42.0,138,41,,2026-08,2026-08-13,12.0
634415939483950840,The Coolest Townhouse in Christchurch,202585247.0,Ohana,Christchurch City,Central Ward,-43.5310785,172.647063,Entire home/apt,171.0,1.0,264,2026-08-06,5.25,155.0,153,31,,2026-08,2026-08-13,7.0
46548988,Outstanding Townhouse on Salisbury 1000M/S Fibre,86216394.0,Min,Christchurch City,Central Ward,-43.52346,172.64251,Entire home/apt,176.0,1.0,237,2026-07-19,3.43,42.0,192,39,,2026-08,2026-08-13,25.0
647450066988561662,CBD Location Sunny Warm Free off Street Parking,45768555.0,Hasslefree Accommodation,Christchurch City,Central Ward,-43.529964,172.6411401,Entire home/apt,302.0,1.0,247,2026-07-15,4.93,65.0,300,31,,2026-08,2026-08-13,29.0
876611972906371671,Tuam on Top! Sleeps 5,202585247.0,Ohana,Christchurch City,Central Ward,-43.53283,172.64091,Entire home/apt,337.0,1.0,293,2026-07-31,7.32,155.0,140,76,,2026-08,2026-08-13,13.0
49215811,"Serene Studio(No Window), No Cleaning Fee",370484539.0,Colombo Lodge,Christchurch City,Central Ward,-43.54258,172.63575,Private room,87.0,1.0,337,2026-07-29,5.3,5.0,294,46,,2026-08,2026-08-13,15.0
31125766,Quality Centrally Located Two Bedroom Apartment,232627620.0,Geoff,Christchurch City,Central Ward,-43.54658,172.64623,Entire home/apt,198.0,2.0,216,2026-07-08,2.34,3.0,209,25,,2026-08,2026-08-13,36.0
789342390301273709,Chic CBD Townhouse | Walk to One NZ Stadium & SALT,482671075.0,Care Property Stays,Christchurch City,Central Ward,-43.5366847,172.6407056,Entire home/apt,170.0,1.0,189,2026-07-18,4.31,184.0,270,15,,2026-08,2026-08-13,26.0
623397096468753938,"LOCATION - City Living, New, Modern, Chic",45172785.0,The MAC Property Team,Christchurch City,Central Ward,-43.53335189819336,172.64117431640625,Entire home/apt,199.0,1.0,247,2026-07-20,4.77,46.0,156,54,,2026-08,2026-08-13,24.0
775611783178511067,"Near to City, King Bed, Clean & Tidy House",451174187.0,Hou Keet,Christchurch City,Heathcote Ward,-43.5499921,172.6500962,Private room,,1.0,218,2026-07-05,4.96,3.0,0,61,,2026-08,2026-08-13,39.0
634110355656239813,High Roller Luxury Casino Suite,202585247.0,Ohana,Christchurch City,Central Ward,-43.52611541748047,172.63377380371094,Entire home/apt,,1.0,423,2026-08-07,8.25,155.0,0,69,,2026-08,2026-08-13,6.0
637001139039213011,City on your doorstep. Super location 1 bed apt.,443205598.0,Andy,Christchurch City,Central Ward,-43.5289,172.63022,Entire home/apt,211.0,2.0,250,2026-08-11,4.89,1.0,53,69,,2026-08,2026-08-13,2.0
927118956899352473,Sleek modern city apartment,137791556.0,Elissia,Christchurch City,Central Ward,-43.53103565205278,172.64373407826258,Entire home/apt,,1.0,257,2026-03-21,6.83,1.0,0,50,,2026-08,2026-08-13,145.0
31659082,"Te Onepoto lodge Sumner, 151a TM road",237369570.0,Julie,Christchurch City,Heathcote Ward,-43.5797582,172.7752207,Entire home/apt,364.0,1.0,344,2026-08-08,3.97,1.0,210,37,,2026-08,2026-08-13,5.0
1200338218728704148,Black Diamond,91121378.0,Holly,Christchurch City,Banks Peninsula Ward,-43.6318847,172.7251646,Entire home/apt,463.0,1.0,186,2026-08-06,7.97,1.0,252,97,,2026-08,2026-08-13,7.0
871849845979834306,Stylish City Fringe 2 Bedroom House.,510533154.0,Francesca,Christchurch City,Central Ward,-43.51774,172.64286,Entire home/apt,261.0,1.0,189,2026-07-12,4.78,1.0,226,20,,2026-08,2026-08-13,32.0
46786855,Park view on Hagley Park,321562392.0,J&H House,Christchurch City,Central Ward,-43.52953,172.61297,Entire home/apt,188.0,1.0,479,2026-07-25,6.92,3.0,126,71,,2026-08,2026-08-13,19.0
46265578,"Sky Window Studio, City Center NO CLEANING FEE !!",370484539.0,Colombo Lodge,Christchurch City,Central Ward,-43.54259,172.63797,Entire home/apt,102.0,1.0,360,2026-07-11,5.19,5.0,295,8,,2026-08,2026-08-13,33.0
663865174329279524,Worcester Terraces - One Central Christchurch,128163295.0,Rachael,Christchurch City,Central Ward,-43.53107,172.64087,Entire home/apt,226.0,1.0,210,2026-08-06,4.21,3.0,245,30,,2026-08,2026-08-13,7.0
51393507,Little paradise in City Centre,321562392.0,J&H House,Christchurch City,Central Ward,-43.53066,172.64341,Entire home/apt,204.0,1.0,428,2026-07-08,7.01,3.0,153,63,,2026-08,2026-08-13,36.0
1241368912811080729,Superb Location - 2bd + 2bth - Carpark Included,45172785.0,The MAC Property Team,Christchurch City,Central Ward,-43.5260972,172.6408548,Entire home/apt,202.0,1.0,215,2026-08-09,6.29,46.0,255,104,,2026-08,2026-08-13,4.0
10528665,Rose Cottage. Central City. Free Parking.,54292480.0,Rose,Christchurch City,Central Ward,-43.52647,172.64719,Entire home/apt,246.0,1.0,430,2026-07-12,3.37,1.0,132,52,,2026-08,2026-08-13,32.0
38186323,Avonview Cottage,174595370.0,Liesbeth,Christchurch City,Central Ward,-43.52242,172.65902,Entire home/apt,224.0,2.0,184,2026-06-21,2.18,1.0,186,44,,2026-08,2026-08-13,53.0
844336853364643343,Central City Boutique Escape,202585247.0,Ohana,Christchurch City,Central Ward,-43.537291,172.6254294,Entire home/apt,209.0,1.0,246,2026-07-15,5.9,155.0,129,51,,2026-08,2026-08-13,29.0
30420515,Te Ara Cottage Tranquil Retreat,55630368.0,Akiko,Christchurch City,Banks Peninsula Ward,-43.62753,172.73202,Entire home/apt,180.0,2.0,344,2026-07-16,3.68,1.0,74,41,,2026-08,2026-08-13,28.0
43717426,Purau Luxury Retreat with Spa,182141026.0,Denissa,Christchurch City,Banks Peninsula Ward,-43.63958,172.75167,Entire home/apt,276.0,2.0,189,2026-08-12,2.61,1.0,300,42,,2026-08,2026-08-13,1.0
846595843743458997,2 Bedrooms apprtmt.+Underground Parking in CBD,245025642.0,Amy,Christchurch City,Central Ward,-43.53498,172.63512,Entire home/apt,283.0,1.0,190,2026-08-08,4.57,1.0,232,33,,2026-08,2026-08-13,5.0
698679672986567099,Church Bay Hideaway - Beach Access & Sea Views,26320955.0,Laura,Christchurch City,Banks Peninsula Ward,-43.633959914136426,172.71888077259064,Entire home/apt,341.0,1.0,235,2026-08-09,5.34,1.0,243,51,,2026-08,2026-08-13,4.0
1057494426658475676,Casebrook Guest Suite - 5 min drive to airport,553364401.0,Timothy,Christchurch City,Harewood Ward,-43.469555970085935,172.6016340404749,Entire home/apt,,1.0,191,2026-07-03,6.0,1.0,0,58,,2026-08,2026-08-13,41.0
20139393,Snowberry Cottage @ Loch Sloy Farm Little River,42799059.0,Rob,Christchurch City,Banks Peninsula Ward,-43.7817,172.79195,Entire home/apt,160.0,1.0,191,2026-05-29,1.77,2.0,329,11,,2026-08,2026-08-13,76.0
36770920,Treetops Cottage,106088822.0,Barbara,Christchurch City,Banks Peninsula Ward,-43.79345,172.83375,Entire home/apt,176.0,2.0,304,2026-08-12,3.53,1.0,132,62,,2026-08,2026-08-13,1.0
31002610,warm house in south island,231538523.0,Mia,Christchurch City,Burwood Ward,-43.5045,172.69422,Entire home/apt,343.0,1.0,218,2026-06-21,2.35,1.0,166,17,,2026-08,2026-08-13,53.0
27374938,Paradise by the beach!,135150399.0,Toni,Christchurch City,Coastal Ward,-43.4788,172.71784,Private room,100.0,2.0,194,2026-03-28,1.99,2.0,279,1,,2026-08,2026-08-13,138.0
17560120,The Gatehouse at Greystones,119195642.0,Millie,Christchurch City,Hornby Ward,-43.5023,172.43362,Entire home/apt,175.0,1.0,583,2026-08-08,5.97,2.0,203,77,,2026-08,2026-08-13,5.0
5936861,Your own Eco friendly bedroom + lounge unit,30825105.0,Shaun And Vanessa,Christchurch City,Banks Peninsula Ward,-43.76285,172.80538,Entire home/apt,174.0,2.0,411,2026-05-31,3.13,2.0,298,39,,2026-08,2026-08-13,74.0
38498546,Avonhead Studio Just 5 minutes from the airport.,166058915.0,Maurice,Christchurch City,Waimairi Ward,-43.51043,172.55376,Entire home/apt,110.0,1.0,843,2026-08-06,10.03,1.0,137,120,,2026-08,2026-08-13,7.0
44926806,Kereru Haven: Pigeon Bay home with a view,362879771.0,Natasha,Christchurch City,Banks Peninsula Ward,-43.67692,172.8806,Entire home/apt,330.0,2.0,199,2026-08-08,2.79,1.0,199,35,,2026-08,2026-08-13,5.0
40014649,"Number One Archdalls,
Robinsons Bay",86033053.0,Amy,Christchurch City,Banks Peninsula Ward,-43.76103,172.95207,Entire home/apt,300.0,1.0,660,2026-08-08,8.12,1.0,248,84,,2026-08,2026-08-13,5.0
9392387,Birdsong Lodge,47575189.0,Tanya,Christchurch City,Banks Peninsula Ward,-43.7263,172.78377,Entire home/apt,406.0,2.0,296,2026-07-26,2.29,1.0,322,12,,2026-08,2026-08-13,18.0
41158752,Kanuka Retreat,10953991.0,Peter,Christchurch City,Banks Peninsula Ward,-43.8029,172.9882,Entire home/apt,188.0,1.0,239,2026-08-08,3.3,3.0,294,16,,2026-08,2026-08-13,5.0
979855121206754601,Left-side Private Guest Studio-No cleaning fee,537007306.0,Po-Wen,Christchurch City,Harewood Ward,-43.48317,172.56164,Entire home/apt,129.0,1.0,258,2026-07-08,7.83,2.0,163,62,,2026-08,2026-08-13,36.0
16932670,Romantic Shepherds Hut at Coombe Farm B&B,33238586.0,Kathrine,Christchurch City,Banks Peninsula Ward,-43.78659,172.9838,Entire home/apt,245.0,1.0,408,2026-04-28,3.64,2.0,293,45,,2026-08,2026-08-13,107.0
20159264,Hawthornden Studio - Rural Retreat In ChCh City,143455926.0,Sarah,Christchurch City,Waimairi Ward,-43.50211,172.55357,Entire home/apt,189.0,1.0,851,2026-08-04,7.79,1.0,119,80,,2026-08,2026-08-13,9.0
1148170805108041713,"Leafy 2BR Studio, 10 mins to airport",404266756.0,Alison,Christchurch City,Waimairi Ward,-43.50085,172.55899,Entire home/apt,211.0,1.0,239,2026-07-31,8.73,1.0,164,116,,2026-08,2026-08-13,13.0
33232168,Eclectic Cottage 2 minutes to airport,62684840.0,Sharon,Christchurch City,Waimairi Ward,-43.50461,172.56226,Entire home/apt,195.0,1.0,340,2026-08-07,3.78,1.0,298,74,,2026-08,2026-08-13,6.0
46627912,Stylish Seaview Villa perched above Akaroa,156839737.0,Zane,Christchurch City,Banks Peninsula Ward,-43.79892,172.96755,Entire home/apt,675.0,1.0,312,2026-07-11,4.6,5.0,177,37,,2026-08,2026-08-13,33.0
34318008,Tahi House – 2 Bedroom Retreat with Private Garden,259085786.0,Helen,Christchurch City,Waimairi Ward,-43.50422,172.56064,Entire home/apt,264.0,1.0,238,2026-07-08,2.89,1.0,229,49,,2026-08,2026-08-13,36.0
26607644,Akaroa Retreat Gatekeepers Cottage,10953991.0,Peter,Christchurch City,Banks Peninsula Ward,-43.80371,172.98709,Entire home/apt,264.0,1.0,197,2026-07-04,2.13,3.0,256,10,,2026-08,2026-08-13,40.0
34067826,2 bedroom self contained unit,118258506.0,Michelle,Christchurch City,Banks Peninsula Ward,-43.80128,172.97057,Entire home/apt,206.0,2.0,359,2026-08-01,4.07,1.0,162,35,,2026-08,2026-08-13,12.0
1178567676258813098,"Private, own entrance, guest suite",7644479.0,Barbara,Christchurch City,Waimairi Ward,-43.51289,172.56588,Private room,105.0,1.0,244,2026-08-01,9.59,1.0,12,117,,2026-08,2026-08-13,12.0
32504694,Warm & Cosy Airport Apartment - Self Check-In,244242301.0,Hazel And Trevor,Christchurch City,Waimairi Ward,-43.51147,172.54075,Entire home/apt,181.0,2.0,452,2026-08-02,4.98,1.0,223,77,,2026-08,2026-08-13,11.0
21731055,Rustic Cabin,158251762.0,Fiona Grace,Christchurch City,Banks Peninsula Ward,-43.71518,172.8968,Entire home/apt,184.0,1.0,443,2026-07-11,4.24,2.0,268,29,,2026-08,2026-08-13,33.0
16030936,Riverside Bedouin Hut,56150980.0,Lynnie,Christchurch City,Banks Peninsula Ward,-43.80556,172.99072,Private room,246.0,2.0,221,2025-03-02,1.87,3.0,55,0,,2026-08,2026-08-13,529.0
1267145957641608513,Zion House|Modern & Cozy|near Airport|free parking,51956035.0,Stella,Christchurch City,Waimairi Ward,-43.5092,172.56363,Entire home/apt,205.0,1.0,185,2026-07-17,8.58,1.0,307,108,,2026-08,2026-08-13,27.0
16578589,Garden Studio with ocean views,12516114.0,Kaye,Christchurch City,Heathcote Ward,-43.57302,172.7554,Entire home/apt,153.0,1.0,247,2026-03-14,2.11,1.0,171,23,,2026-08,2026-08-13,152.0
21885178,Airport Haven  with Netflix. NO CLEANING FEE.,67545571.0,Sharon,Christchurch City,Harewood Ward,-43.48136,172.56753,Entire home/apt,163.0,1.0,1399,2026-08-05,13.18,3.0,176,88,,2026-08,2026-08-13,8.0
710318515139246702,Spacious room in Family Home,251219305.0,Sarah,Christchurch City,Waimairi Ward,-43.52024,172.53817,Private room,88.0,1.0,210,2026-07-28,4.4,2.0,210,54,,2026-08,2026-08-13,16.0
21950707,Okereru - Relax & Recharge,160238893.0,Kimberley,Christchurch City,Banks Peninsula Ward,-43.81208,172.89129,Entire home/apt,105.0,1.0,341,2025-04-19,3.26,1.0,135,0,,2026-08,2026-08-13,481.0
18598438,"Private, Secure, Near Dining & Park, Airport 4 min",129155259.0,Andrea,Christchurch City,Waimairi Ward,-43.500576,172.561295,Entire home/apt,187.0,1.0,971,2026-07-13,8.76,1.0,114,101,,2026-08,2026-08-13,31.0
1217695187293023936,Skyline Studio by airport w/home theater &Netflix,51395017.0,Elaine,Christchurch City,Waimairi Ward,-43.512,172.56725,Entire home/apt,129.0,1.0,218,2026-07-30,8.92,1.0,146,118,,2026-08,2026-08-13,14.0
14635112,"Stand alone, ensuite - The Pool House",90859739.0,Lynn,Christchurch City,Linwood Ward,-43.54321,172.68812,Private room,159.0,1.0,451,2026-06-20,3.83,1.0,319,32,,2026-08,2026-08-13,54.0
26233936,Panoramic Views & Total Privacy. Romantic getaway.,109918531.0,Gabby,Christchurch City,Heathcote Ward,-43.56871,172.74903,Entire home/apt,171.0,2.0,374,2026-05-24,3.81,1.0,248,28,,2026-08,2026-08-13,81.0
21178486,Garden apartment with panoramic coastal views.,53657941.0,Steve,Christchurch City,Heathcote Ward,-43.56405,172.72342,Entire home/apt,191.0,2.0,190,2026-04-19,1.77,1.0,183,15,,2026-08,2026-08-13,116.0
14937801,Back House of Papanui,50163342.0,Susie,Christchurch City,Papanui Ward,-43.49113,172.59717,Entire home/apt,266.0,2.0,275,2026-05-03,2.28,2.0,115,16,,2026-08,2026-08-13,102.0
17190653,Single accommodation with own bathroom/ breakfast,96710780.0,Peter,Christchurch City,Innes Ward,-43.51536,172.6528,Private room,76.0,1.0,678,2026-07-17,6.31,3.0,211,61,,2026-08,2026-08-13,27.0
735192520611509658,Relax & Escape | Incredible Views & Outdoor Bath,20429507.0,Megan,Christchurch City,Banks Peninsula Ward,-43.60377,172.68891,Entire home/apt,230.0,1.0,566,2026-08-08,12.43,1.0,93,134,,2026-08,2026-08-13,5.0
12073907,Grassmere Estate  With Beautiful Tranquil Gardens,64702979.0,Kim And Mandy,Christchurch City,Papanui Ward,-43.49461,172.61691,Entire home/apt,264.0,1.0,259,2026-08-09,2.09,1.0,210,23,,2026-08,2026-08-13,4.0
882341847699783999,Mariners Cabin: Your seaside escape,377819206.0,Chelsea,Christchurch City,Banks Peninsula Ward,-43.60472071695861,172.6898292729285,Entire home/apt,257.0,1.0,297,2026-08-01,7.63,1.0,54,79,,2026-08,2026-08-13,12.0
52830397,Close to airport getaway,23389870.0,Hennie,Christchurch City,Harewood Ward,-43.48845,172.57352,Entire home/apt,144.0,1.0,575,2026-08-01,9.94,5.0,147,83,,2026-08,2026-08-13,12.0
929064122824302288,Cosy Tiny in Cass Bay,244620687.0,Catherine,Christchurch City,Banks Peninsula Ward,-43.6031592,172.6895409,Entire home/apt,166.0,1.0,186,2026-08-09,6.36,2.0,307,75,,2026-08,2026-08-13,4.0
11852621,"Spa pool with great views,  Lyttelton/Christchurch",55159216.0,Gregor,Christchurch City,Banks Peninsula Ward,-43.60254,172.72462,Entire home/apt,244.0,1.0,918,2026-07-23,7.44,1.0,312,83,,2026-08,2026-08-13,21.0
5752166,Chic Private Studio 6mins from Airport & shops/bus,28774099.0,Liz,Christchurch City,Harewood Ward,-43.48641586303711,172.58523559570312,Entire home/apt,139.0,1.0,533,2026-06-03,9.43,3.0,293,22,,2026-08,2026-08-13,71.0
6467168,lazy porch studio,33781654.0,Lou,Christchurch City,Linwood Ward,-43.54546,172.67745,Entire home/apt,98.0,1.0,1601,2026-08-09,11.81,1.0,156,141,,2026-08,2026-08-13,4.0
2009003,Luxury Cass Bay Retreat (B),10339399.0,Vivienne,Christchurch City,Banks Peninsula Ward,-43.60411,172.69502,Entire home/apt,199.0,1.0,466,2026-08-09,3.05,3.0,243,54,,2026-08,2026-08-13,4.0
871204934582708163,The Daughter's Anchorage · Historic Cottage,352842587.0,Simon And Leah,Christchurch City,Banks Peninsula Ward,-43.59825,172.72311,Entire home/apt,306.0,2.0,237,2026-08-09,6.11,1.0,276,57,,2026-08,2026-08-13,4.0
18722018,Self Contained Guest House.,130194847.0,Jennifer,Christchurch City,Papanui Ward,-43.50092,172.6215,Entire home/apt,118.0,2.0,212,2026-05-11,1.9,1.0,236,14,,2026-08,2026-08-13,94.0
19610023,The Hut,400942547.0,Krista,Christchurch City,Heathcote Ward,-43.57225,172.7726,Entire home/apt,147.0,1.0,865,2026-07-17,7.93,2.0,314,73,,2026-08,2026-08-13,27.0
2352051,Luxury Cass Bay Retreat (A),10339399.0,Vivienne,Christchurch City,Banks Peninsula Ward,-43.60364,172.6954,Entire home/apt,173.0,1.0,221,2026-08-12,1.46,3.0,245,50,,2026-08,2026-08-13,1.0
1893596,"Luxury at its best, Quail's Nest",5225682.0,Shelley,Christchurch City,Banks Peninsula Ward,-43.62728,172.71872,Entire home/apt,226.0,2.0,194,2026-02-27,1.25,1.0,296,6,,2026-08,2026-08-13,167.0
30268508,Luxury Diamond Harbour Retreat with Ocean Views,118622105.0,Rachel,Christchurch City,Banks Peninsula Ward,-43.63065,172.72596,Entire home/apt,223.0,1.0,282,2026-07-17,3.01,1.0,77,17,,2026-08,2026-08-13,27.0
50706253,The Sumner Loft,84622864.0,Matt And Caroline,Christchurch City,Heathcote Ward,-43.56859,172.75874,Entire home/apt,308.0,2.0,197,2026-07-16,3.34,1.0,306,34,,2026-08,2026-08-13,28.0
16480028,Streamview Studio Apartments (Ground Floor),100992313.0,Tony And Monique,Christchurch City,Innes Ward,-43.50971,172.65454,Entire home/apt,132.0,2.0,199,2025-11-08,1.7,2.0,300,1,,2026-08,2026-08-13,278.0
18659644,Banks Peninsula Cottage-Paradise near Christchurch,129676037.0,Rowan,Christchurch City,Banks Peninsula Ward,-43.72316,172.71741,Entire home/apt,132.0,2.0,576,2026-06-13,5.12,1.0,212,22,,2026-08,2026-08-13,61.0
808234879059685574,Serene Two Bedroom Townhouse Close to Airport,49642171.0,Lily-SimplyHost,Christchurch City,Hornby Ward,-43.5459926,172.5175479,Entire home/apt,230.0,1.0,241,2026-07-17,5.64,97.0,348,61,,2026-08,2026-08-13,27.0
14560927,Guests favourite. Close to Airport & University,85049190.0,Gail,Christchurch City,Waimairi Ward,-43.5166,172.55643,Entire home/apt,,1.0,294,2026-07-15,3.58,1.0,0,103,,2026-08,2026-08-13,29.0
17905806,"Airport apartment spacious, warm, families welcome",52737733.0,Helen,Christchurch City,Harewood Ward,-43.47903,172.58386,Entire home/apt,149.0,2.0,628,2025-11-24,5.58,1.0,309,19,,2026-08,2026-08-13,262.0
31006890,Fendalton holiday house the most convenient place,231573454.0,晓玉,Christchurch City,Fendalton Ward,-43.51929,172.59158,Entire home/apt,513.0,1.0,314,2026-07-13,3.44,1.0,256,18,,2026-08,2026-08-13,31.0
1211821643986951362,Merivale Separate Studio,310238414.0,Kathryn,Christchurch City,Fendalton Ward,-43.51532,172.61993,Entire home/apt,128.0,1.0,202,2026-07-27,8.18,1.0,158,95,,2026-08,2026-08-13,17.0
24742386,Garden Studio With Ensuite (Breakfast included),43654083.0,Kathy,Christchurch City,Papanui Ward,-43.50407,172.59607,Entire home/apt,177.0,2.0,207,2026-08-01,2.29,1.0,270,38,,2026-08,2026-08-13,12.0
21111023,City View - Affordable Luxury Suite. 5k From City,152241212.0,Jo And Lance,Christchurch City,Cashmere Ward,-43.57383,172.63483,Private room,166.0,2.0,241,2026-07-23,2.25,2.0,256,38,,2026-08,2026-08-13,21.0
34062192,Cashmere apartment with amazing views.,257214205.0,Barry,Christchurch City,Cashmere Ward,-43.57971,172.6377,Entire home/apt,137.0,1.0,286,2026-08-07,3.23,2.0,245,38,,2026-08,2026-08-13,6.0
19000230,LOCATION .. central to everything! Sunny + modern!,905079.0,Fiona And Steven,Christchurch City,Fendalton Ward,-43.51804,172.58487,Private room,150.0,1.0,240,2026-04-22,2.15,1.0,244,19,,2026-08,2026-08-13,113.0
849686201373934402,Stunning new home tranquil hill views,187564220.0,Zane,Christchurch City,Halswell Ward,-43.59396,172.57374,Entire home/apt,368.0,1.0,212,2026-07-30,5.12,4.0,76,48,,2026-08,2026-08-13,14.0
19812732,Bush and birds,139965217.0,Sharyn,Christchurch City,Halswell Ward,-43.60153,172.57083,Entire home/apt,176.0,2.0,214,2025-01-12,1.97,1.0,187,0,,2026-08,2026-08-13,578.0
40041040,Hidden Gem of Christchurch - Sleeps 12,202585247.0,Ohana,Christchurch City,Halswell Ward,-43.5761604309082,172.57949829101562,Entire home/apt,473.0,1.0,557,2026-08-10,6.83,155.0,141,51,,2026-08,2026-08-13,3.0
558101365834713785,A Million City Views - Sleeps 10,202585247.0,Ohana,Christchurch City,Cashmere Ward,-43.58259,172.63994,Entire home/apt,468.0,1.0,358,2026-07-26,6.53,155.0,101,53,,2026-08,2026-08-13,18.0
39697895,Akaroa harbour view studio: stylish light & clean,305109323.0,Charlotte,Christchurch City,Banks Peninsula Ward,-43.81713,172.95164,Entire home/apt,209.0,2.0,565,2026-07-23,6.88,1.0,28,74,,2026-08,2026-08-13,21.0
13962354,Cashmere Hills with Stunning Mountain Views,28378709.0,Angela,Christchurch City,Cashmere Ward,-43.57454,172.6285,Entire home/apt,151.0,1.0,200,2026-08-08,1.74,1.0,276,40,,2026-08,2026-08-13,5.0
8554890,Potters Croft Garden and B&B,45031191.0,Jocelyn,Christchurch City,Banks Peninsula Ward,-43.7999,172.97557,Entire home/apt,209.0,2.0,281,2026-07-11,2.14,1.0,348,31,,2026-08,2026-08-13,33.0
52371093,Akaroa Coastal Cottage,47422452.0,Oliver,Christchurch City,Banks Peninsula Ward,-43.82937,172.94591,Entire home/apt,189.0,1.0,605,2026-06-22,10.24,2.0,139,92,,2026-08,2026-08-13,52.0
21848694,Akaroa Coastal Cabin,47422452.0,Oliver,Christchurch City,Banks Peninsula Ward,-43.83113,172.94567,Entire home/apt,258.0,1.0,256,2026-06-15,2.41,2.0,148,50,,2026-08,2026-08-13,59.0
27318691,Daisy Hill Cottage - Enjoy the outdoor Hot Tub!!,7947371.0,Victoria,Christchurch City,Banks Peninsula Ward,-43.80009,172.9721,Entire home/apt,278.0,1.0,468,2026-08-08,4.92,1.0,191,47,,2026-08,2026-08-13,5.0
1014904656476258259,"Sunny, Queen Suite Breakfast Included Room 1.",490039964.0,Tony,Christchurch City,Halswell Ward,-43.5878153,172.5655193,Private room,100.0,1.0,189,2026-08-06,5.59,2.0,219,49,,2026-08,2026-08-13,7.0
1408467299578818634,Guesthouse on Gardiners,300616410.0,Liz,Christchurch City,Harewood Ward,-43.4624,172.58873,Entire home/apt,147.0,1.0,216,2026-08-13,13.82,1.0,179,169,,2026-08,2026-08-13,0.0
28474210,"Akaroa Harbour Views | Deck, Cosy Fireplace",214946854.0,Julia,Christchurch City,Banks Peninsula Ward,-43.81583404541016,172.96060180664062,Entire home/apt,695.0,1.0,516,2026-03-20,5.38,1.0,327,4,,2026-08,2026-08-13,146.0
53616042,"Ocean views, 2 bdrm Bach, beautiful interior decor",434163133.0,Matthew,Christchurch City,Banks Peninsula Ward,-43.80907,172.96978,Entire home/apt,281.0,1.0,247,2026-07-25,4.38,1.0,217,46,,2026-08,2026-08-13,19.0
1002570876571291142,Cozy ensuite & Private entrance & Self Check-In,132101529.0,Diego,Christchurch City,Halswell Ward,-43.56388,172.55935,Private room,157.0,1.0,317,2026-08-10,9.27,1.0,130,150,,2026-08,2026-08-13,3.0
17666972,QUEEN BEDR00M & ENSUITE-BREAKFAST INCLUD,44203564.0,Pat,Christchurch City,Halswell Ward,-43.57141,172.54318,Private room,93.0,1.0,821,2026-07-07,7.2,1.0,141,92,,2026-08,2026-08-13,37.0
36645528,Stunning views and a pleasant private stay,275446422.0,Kanyakorn,Christchurch City,Cashmere Ward,-43.57989,172.63734,Entire home/apt,109.0,2.0,232,2026-06-20,2.82,1.0,60,32,,2026-08,2026-08-13,54.0
28162459,"Garden View Apartment, private and sunny.",102175588.0,Ann-Marie,Christchurch City,Harewood Ward,-43.45472,172.6245,Entire home/apt,152.0,1.0,552,2026-07-28,5.79,1.0,59,87,,2026-08,2026-08-13,16.0
23733674,Halswell lovely modern 4 Bedroom Home,135791498.0,Rochelle,Christchurch City,Halswell Ward,-43.58216,172.57284,Entire home/apt,330.0,1.0,210,2026-07-13,2.05,3.0,42,24,,2026-08,2026-08-13,31.0
34004247,Charming Seaside Villa in the Heart of Wainui,175419492.0,Caroline,Christchurch City,Banks Peninsula Ward,-43.81222,172.90329,Entire home/apt,246.0,1.0,532,2026-07-27,6.12,1.0,164,80,,2026-08,2026-08-13,17.0
986026626914704344,Elegant 3BR Home on Mustang Avenue,202585247.0,Ohana,Christchurch City,Halswell Ward,-43.55129,172.54463,Entire home/apt,285.0,1.0,255,2026-08-09,7.31,155.0,91,95,,2026-08,2026-08-13,4.0
743956944312049806,Cosy stay near Christchurch airport,471135666.0,Mei,Christchurch City,Hornby Ward,-43.5247644,172.5288781,Private room,89.0,1.0,201,2026-07-29,4.4,4.0,107,6,,2026-08,2026-08-13,15.0
21097347,What you are Really Looking for!,148604490.0,Leigh,Christchurch City,Spreydon Ward,-43.55663,172.58995,Entire home/apt,247.0,2.0,460,2026-07-26,4.32,3.0,332,22,,2026-08,2026-08-13,18.0
38912136,Home away from home,236632691.0,Philip,Christchurch City,Fendalton Ward,-43.518,172.59404,Private room,85.0,1.0,252,2026-06-30,3.02,1.0,190,20,,2026-08,2026-08-13,44.0
21451015,"Merivale -  Location, Location",135791498.0,Rochelle,Christchurch City,Fendalton Ward,-43.51312,172.61856,Entire home/apt,240.0,2.0,300,2026-07-17,2.81,3.0,49,32,,2026-08,2026-08-13,27.0
11529335,Merivale Self-contained Studio,21295271.0,Margaret,Christchurch City,Fendalton Ward,-43.51583,172.62082,Entire home/apt,115.0,1.0,661,2026-07-28,5.39,1.0,200,71,,2026-08,2026-08-13,16.0
703217582305232763,Christchurch Westfield holiday home,211195948.0,Jenny,Christchurch City,Riccarton Ward,-43.53713,172.59225,Entire home/apt,292.0,1.0,189,2026-07-30,3.97,19.0,222,31,,2026-08,2026-08-13,14.0
950101202044267016,Central City Hideout with/Free Car parking,482671075.0,Care Property Stays,Christchurch City,Central Ward,-43.5197978,172.653372,Entire home/apt,182.0,1.0,215,2026-08-07,5.87,184.0,232,89,,2026-08,2026-08-13,6.0
34397036,Christchurch Character Home Strowan,76237120.0,Deb,Christchurch City,Fendalton Ward,-43.510505083014834,172.60724790394306,Entire home/apt,203.0,2.0,189,2026-08-06,2.19,2.0,191,31,,2026-08,2026-08-13,7.0
33340980,'Little Two' - Cosy Studio close to Airport,251156752.0,Emma,Christchurch City,Harewood Ward,-43.47603,172.6092,Entire home/apt,145.0,1.0,785,2026-08-13,8.76,1.0,274,137,,2026-08,2026-08-13,0.0
19895931,10 Min to Christchurch Airport | Private Sleepout,140868766.0,Michelle,Christchurch City,Hornby Ward,-43.53266,172.53843,Entire home/apt,147.0,1.0,303,2026-07-15,2.74,2.0,331,52,,2026-08,2026-08-13,29.0
27686531,Fabulous Guest Wing near CBD & Airport inc Netflix,25471419.0,Cheryl,Christchurch City,Fendalton Ward,-43.51655,172.59063,Private room,141.0,1.0,319,2026-07-15,3.28,2.0,247,42,,2026-08,2026-08-13,29.0
22130249,Self Contained Studio 10 min from City,45165874.0,Tania,Christchurch City,Linwood Ward,-43.5420367,172.6694475,Entire home/apt,129.0,2.0,210,2026-08-12,1.99,3.0,251,38,,2026-08,2026-08-13,1.0
25701735,Quiet apartment near the central city.,193385428.0,Michael,Christchurch City,Linwood Ward,-43.53474,172.66424,Entire home/apt,100.0,1.0,208,2026-08-09,2.1,1.0,33,4,,2026-08,2026-08-13,4.0
31712205,Cozy claw foot bath hideaway 5 min from CBD,31308471.0,Hannah,Christchurch City,Linwood Ward,-43.53828,172.67245,Entire home/apt,138.0,1.0,445,2026-08-09,4.87,1.0,247,79,,2026-08,2026-08-13,4.0
740983881101877498,1 Bedroom Gem with Hagley Park at your Doorstep,482671075.0,Care Property Stays,Christchurch City,Riccarton Ward,-43.5284992,172.6120639,Entire home/apt,214.0,1.0,186,2026-06-29,4.12,184.0,152,32,,2026-08,2026-08-13,45.0
51125428,Stones Throw From the CBD + Hot Tub,202585247.0,Ohana,Christchurch City,Spreydon Ward,-43.54471,172.60907,Entire home/apt,310.0,1.0,510,2026-08-05,8.26,155.0,104,73,,2026-08,2026-08-13,8.0
24289615,"Peaceful Garden Studio: separate, no cleaning fee",183232246.0,Tracey,Christchurch City,Fendalton Ward,-43.50738,172.625204,Entire home/apt,134.0,2.0,297,2026-07-16,2.97,1.0,28,36,,2026-08,2026-08-13,28.0
1040156052687115632,Stylish~Central~Gated free car park-King Beds,537318846.0,Jemima,Christchurch City,Innes Ward,-43.51499,172.63791,Entire home/apt,253.0,1.0,208,2026-08-04,6.73,5.0,65,88,,2026-08,2026-08-13,9.0
40098644,Superb park side haven in Central Christchurch,115613326.0,Martin And Myra,Christchurch City,Central Ward,-43.53915,172.62152,Entire home/apt,284.0,2.0,218,2026-08-01,2.95,1.0,62,29,,2026-08,2026-08-13,12.0
1241359704320664791,Modern townhouse in amazing location + carpark,45172785.0,The MAC Property Team,Christchurch City,Central Ward,-43.5169058,172.6359035,Entire home/apt,247.0,1.0,226,2026-08-08,5.18,46.0,324,64,,2026-08,2026-08-13,5.0
42690376,Cozy 1BR Apartment with Hagley Park View,331763232.0,Managed By Williams,Christchurch City,Central Ward,-43.53835,172.62151,Entire home/apt,233.0,1.0,384,2026-07-08,5.22,165.0,215,47,,2026-08,2026-08-13,36.0
681327249544331373,"Spacious Home Close to City, With Free Parking",682808597.0,Devon,Christchurch City,Cashmere Ward,-43.55415,172.6495,Entire home/apt,374.0,1.0,209,2026-07-13,4.35,28.0,57,37,,2026-08,2026-08-13,31.0
29014525,Roker Street Retreat,148337472.0,Lucy And Callum,Christchurch City,Cashmere Ward,-43.55471,172.62898,Entire home/apt,194.0,1.0,457,2026-08-09,5.46,1.0,265,107,,2026-08,2026-08-13,4.0
15423628,A Slice of Paradise in the City,98854449.0,Marisa,Christchurch City,Cashmere Ward,-43.5623,172.63601,Entire home/apt,294.0,1.0,299,2026-07-07,2.51,1.0,38,44,,2026-08,2026-08-13,37.0
1251971271821187559,THE BIRD'S NEST - Secluded getaway!,59674136.0,Jo,Christchurch City,Heathcote Ward,-43.56204,172.66485,Entire home/apt,230.0,1.0,240,2026-08-06,10.54,1.0,264,111,,2026-08,2026-08-13,7.0
29427036,Quiet Cottage on the Hill,244184708.0,Tania,Christchurch City,Cashmere Ward,-43.56291,172.65158,Entire home/apt,121.0,2.0,280,2026-08-02,2.98,1.0,169,26,,2026-08,2026-08-13,11.0
1266185072625199570,Traveller & Business Guest Suite,67564514.0,Gill,Christchurch City,Cashmere Ward,-43.56437609781709,172.6396558585457,Entire home/apt,117.0,1.0,215,2026-08-12,9.8,1.0,225,126,,2026-08,2026-08-13,1.0
53376793,Lovely townhouse with city convenience,257214205.0,Barry,Christchurch City,Heathcote Ward,-43.54965,172.63025,Entire home/apt,158.0,1.0,230,2026-08-10,4.06,2.0,284,57,,2026-08,2026-08-13,3.0
688061539804807067,Self-contained private ensuite by the river,60453585.0,Rachel,Christchurch City,Cashmere Ward,-43.56563,172.64582,Private room,84.0,1.0,191,2026-06-14,4.01,1.0,79,44,,2026-08,2026-08-13,60.0
12231418,Cosy stand-alone studio - breakfast included,65811094.0,Anna,Christchurch City,Heathcote Ward,-43.55375,172.64607,Entire home/apt,109.0,1.0,517,2026-07-30,4.45,1.0,94,55,,2026-08,2026-08-13,14.0
21631465,Discover Port Hills with this Beauty + Breakfast!,114115162.0,Ollie,Christchurch City,Heathcote Ward,-43.56367,172.66984,Private room,93.0,1.0,564,2026-07-16,5.35,1.0,295,50,,2026-08,2026-08-13,28.0
16665527,"Stylish, charming, stay in our most chic suburb",110222955.0,Bev,Christchurch City,Fendalton Ward,-43.51142883300781,172.62551879882812,Private room,143.0,1.0,255,2026-07-09,2.2,1.0,312,69,,2026-08,2026-08-13,35.0
31496830,"Central location, walk to the shops",235986153.0,Kellie,Christchurch City,Riccarton Ward,-43.52802,172.60085,Private room,146.0,1.0,266,2026-08-11,2.92,1.0,144,51,,2026-08,2026-08-13,2.0
48596199,Private modern residence in central location,151829651.0,Heidi,Christchurch City,Riccarton Ward,-43.53662054444871,172.6039099394667,Entire home/apt,333.0,1.0,599,2026-07-28,9.17,2.0,184,113,,2026-08,2026-08-13,16.0
873475397226708234,Addington luxury townhouse,211195948.0,Jenny,Christchurch City,Spreydon Ward,-43.54193,172.61216,Entire home/apt,218.0,1.0,226,2026-07-27,5.62,19.0,113,58,,2026-08,2026-08-13,17.0
50982243,Parkside Relax townhouse Free Parking EV charger,86216394.0,Min,Christchurch City,Riccarton Ward,-43.528942,172.610428,Entire home/apt,213.0,1.0,274,2026-07-30,4.43,42.0,190,55,,2026-08,2026-08-13,14.0
4394839,Lovely Sunny En-Suite Home,22664885.0,Spark & Angela,Christchurch City,Spreydon Ward,-43.55145,172.60179,Private room,58.0,1.0,1160,2026-06-13,8.08,1.0,60,65,,2026-08,2026-08-13,61.0
15424952,Garden suite in villa home,81876955.0,Jerry,Christchurch City,Cashmere Ward,-43.569225,172.635702,Entire home/apt,149.0,1.0,260,2026-04-26,2.19,1.0,228,41,,2026-08,2026-08-13,109.0
649641408017117481,Penthouse Apartment Scenic Views-Spacious 2br,45768555.0,Hasslefree Accommodation,Christchurch City,Central Ward,-43.5383492,172.6210566,Entire home/apt,264.0,1.0,216,2026-08-03,4.27,65.0,290,42,,2026-08,2026-08-13,10.0
1090839883996968423,Hagley Haven | Guest Favourite,238339893.0,Jing,Christchurch City,Riccarton Ward,-43.53,172.60998,Entire home/apt,275.0,1.0,287,2026-08-02,9.76,1.0,306,111,,2026-08,2026-08-13,11.0
44417961,Modern 2BR City Townhouse w/ Spa & Parking,202585247.0,Ohana,Christchurch City,Innes Ward,-43.5140413,172.6431534,Entire home/apt,217.0,1.0,594,2026-08-06,8.08,155.0,136,93,,2026-08,2026-08-13,7.0
18240301,SUBURBAN OASIS,57214122.0,Jo,Christchurch City,Heathcote Ward,-43.55464,172.64506,Private room,112.0,1.0,218,2026-04-26,1.95,1.0,217,25,,2026-08,2026-08-13,109.0
42984288,Home from home City Apartment,342238822.0,Zoe,Christchurch City,Central Ward,-43.51987,172.64032,Entire home/apt,183.0,2.0,301,2026-07-16,3.92,2.0,335,20,,2026-08,2026-08-13,28.0
15100620,The Red Bus,95619739.0,Arielle,Christchurch City,Banks Peninsula Ward,-43.76101,172.79675,Entire home/apt,,1.0,538,2026-02-15,4.5,1.0,0,3,,2026-08,2026-08-13,179.0
902623020339859925,Cozy:Fully Equipped Unit 12noon check-in,153690508.0,Rahul,Christchurch City,Papanui Ward,-43.48187,172.62921,Entire home/apt,101.0,1.0,303,2026-07-30,7.99,1.0,280,38,,2026-08,2026-08-13,14.0
25683049,The gold room,173433365.0,Kerry,Christchurch City,Central Ward,-43.52903,172.66293,Private room,96.0,2.0,187,2026-07-06,1.88,2.0,227,8,,2026-08,2026-08-13,38.0
51004982,Lovely 1 bedroom service apartment -best view,412607402.0,Natalie,Christchurch City,Central Ward,-43.53037,172.64431,Entire home/apt,223.0,1.0,476,2026-07-28,8.02,2.0,96,64,,2026-08,2026-08-13,16.0
40493902,Luxury Style Free Street Parking CBD Location,45768555.0,Hasslefree Accommodation,Christchurch City,Central Ward,-43.53641,172.64227,Entire home/apt,245.0,1.0,286,2026-07-04,3.53,65.0,272,9,,2026-08,2026-08-13,40.0
697057213295577132,City Top Floor  Studio Apartment with lift access,75857776.0,Michael,Christchurch City,Central Ward,-43.528431,172.6429257,Entire home/apt,130.0,2.0,185,2026-08-13,6.73,2.0,59,68,,2026-08,2026-08-13,0.0
903303360921664579,"Prime stadium location - City, balcony park views!",192218803.0,Lisa,Christchurch City,Central Ward,-43.53119,172.64311,Entire home/apt,341.0,1.0,388,2026-08-11,10.23,1.0,145,105,,2026-08,2026-08-13,2.0
49345155,Boutique BNB free breakfast near stadium sleeps 6,126394991.0,Hamish,Christchurch City,Central Ward,-43.5306,172.64324,Private room,387.0,1.0,302,2026-08-09,4.69,1.0,280,38,,2026-08,2026-08-13,4.0
936446699362227930,Cozy Nest On Manchester,112736892.0,Nins,Christchurch City,Central Ward,-43.5165,172.63982,Entire home/apt,285.0,1.0,224,2026-07-15,6.08,1.0,73,72,,2026-08,2026-08-13,29.0
889960602050212249,Charming Downtown Hideaway 1 bed 1 bath,482671075.0,Care Property Stays,Christchurch City,Central Ward,-43.5313227,172.6447782,Entire home/apt,189.0,1.0,215,2026-07-22,5.46,184.0,81,57,,2026-08,2026-08-13,22.0
49777874,Walking Distance CBD 2 Bdrms Secure Park,45768555.0,Hasslefree Accommodation,Christchurch City,Central Ward,-43.5233,172.63623,Entire home/apt,315.0,1.0,210,2026-07-29,3.32,65.0,328,14,,2026-08,2026-08-13,15.0
38079335,"Bright, cosy Central Location",289033518.0,Tania Lisa,Christchurch City,Central Ward,-43.52665,172.64123,Entire home/apt,177.0,1.0,353,2026-07-30,4.24,1.0,138,79,,2026-08,2026-08-13,14.0
19811335,Central City Apt. 2 bed with Private car park,87223355.0,Karen,Christchurch City,Central Ward,-43.53118,172.64377,Entire home/apt,178.0,1.0,825,2026-08-10,7.69,3.0,148,101,,2026-08,2026-08-13,3.0
905980260796682275,Apartment In The Central City,513357992.0,Di,Christchurch City,Central Ward,-43.52311,172.63662,Entire home/apt,135.0,1.0,318,2026-07-30,8.33,2.0,206,87,,2026-08,2026-08-13,14.0
1010636229809557046,Madhouse Haven 2BR | Walk to Riverside | Laundry,202585247.0,Ohana,Christchurch City,Central Ward,-43.535568,172.6318853,Entire home/apt,249.0,1.0,192,2026-07-15,5.67,155.0,127,53,,2026-08,2026-08-13,29.0
48188105,CBD & One NZ Stadium at Your Doorstep+Garage,45768555.0,Hasslefree Accommodation,Christchurch City,Central Ward,-43.53248,172.64157,Entire home/apt,317.0,1.0,392,2026-07-09,5.88,65.0,242,22,,2026-08,2026-08-13,35.0
45758539,City centre apartment unlimited WIFI,86216394.0,Min,Christchurch City,Central Ward,-43.52889,172.64506,Entire home/apt,170.0,1.0,228,2026-06-18,3.2,42.0,204,28,,2026-08,2026-08-13,56.0
40262134,"Modern, spacious 2 bedroom apartment in CBD",102034919.0,Rudy And Bernie,Christchurch City,Central Ward,-43.52109,172.64059,Entire home/apt,168.0,2.0,354,2026-07-25,6.29,2.0,158,45,,2026-08,2026-08-13,19.0
15240118,St James Mews- townhouse central to everything.,96897151.0,Sue,Christchurch City,Riccarton Ward,-43.53098,172.60669,Private room,132.0,2.0,275,2026-07-25,2.4,1.0,10,38,,2026-08,2026-08-13,19.0
46926200,"Homey Townhouse in Central City, CBD Place",379113054.0,Dan,Christchurch City,Central Ward,-43.52428,172.64159,Entire home/apt,168.0,1.0,602,2026-07-21,8.78,1.0,141,77,,2026-08,2026-08-13,23.0
39425759,No. 9 New townhouse on Armagh|city centre,86216394.0,Min,Christchurch City,Central Ward,-43.52957,172.64322,Entire home/apt,139.0,1.0,318,2026-08-04,3.92,42.0,207,41,,2026-08,2026-08-13,9.0
819067375079761965,Modern spacious apartment in CBD,102034919.0,Rudy And Bernie,Christchurch City,Central Ward,-43.52652,172.64754,Entire home/apt,192.0,2.0,252,2026-07-23,5.91,2.0,171,53,,2026-08,2026-08-13,21.0
734425165492263110,Close and walkable on Salisbury Street-City Centre,482671075.0,Care Property Stays,Christchurch City,Central Ward,-43.52421469999999,172.6417818,Entire home/apt,210.0,1.0,199,2026-07-30,4.33,184.0,249,52,,2026-08,2026-08-13,14.0
15756388,"Spacious, Comfortable Clocktower Lane Apartment",2185000.0,Jo,Christchurch City,Central Ward,-43.52408,172.63208,Entire home/apt,361.0,1.0,767,2026-07-30,6.49,5.0,107,71,,2026-08,2026-08-13,14.0
17129214,Cosy Townhouse in the heart of Christchurch,15480413.0,Jackie,Christchurch City,Central Ward,-43.52857,172.63187,Entire home/apt,208.0,1.0,555,2026-07-11,4.81,2.0,79,48,,2026-08,2026-08-13,33.0
47356235,City View In Central Chch with Free Valet Parking,98868319.0,Nicole & Shane,Christchurch City,Central Ward,-43.52896,172.63959,Entire home/apt,495.0,1.0,211,2026-01-02,3.12,2.0,62,8,,2026-08,2026-08-13,223.0
1008203587172656636,CBD Gem Walk to everything 3 bedroom 2 bath,482671075.0,Care Property Stays,Christchurch City,Central Ward,-43.535568,172.6318853,Entire home/apt,315.0,1.0,213,2026-07-22,6.25,184.0,233,34,,2026-08,2026-08-13,22.0
854510283014249307,Sunny CBD Retreat | King Beds & Double Garage!,3264070.0,Katya,Christchurch City,Central Ward,-43.52457,172.63888,Entire home/apt,225.0,1.0,193,2026-08-08,4.96,1.0,28,73,,2026-08,2026-08-13,5.0
637328794519765588,Modern CBD Sleep 5•FreePark•Te Pae•Twn Hall•Casino,461462003.0,Aimee,Christchurch City,Central Ward,-43.52644,172.63474,Entire home/apt,229.0,2.0,228,2026-08-10,4.48,2.0,59,32,,2026-08,2026-08-13,3.0
21315101,"Comfortable, Contemporary City Space",2185000.0,Jo,Christchurch City,Central Ward,-43.52336,172.63215,Entire home/apt,301.0,1.0,497,2026-07-24,4.69,5.0,202,46,,2026-08,2026-08-13,20.0
18899315,CBD Loft Style Apartment with Free Valet Parking,98868319.0,Nicole & Shane,Christchurch City,Central Ward,-43.52952,172.63951,Entire home/apt,431.0,1.0,459,2026-07-05,4.15,2.0,55,39,,2026-08,2026-08-13,39.0
962555353123555014,Central City Escape 1 Bed 1 Bath near Hagley Park,482671075.0,Care Property Stays,Christchurch City,Central Ward,-43.5275504,172.6320743,Entire home/apt,194.0,1.0,198,2026-08-08,5.47,184.0,251,38,,2026-08,2026-08-13,5.0
54306761,Studio 294.  Inner City Oasis,111997739.0,Gabrielle,Christchurch City,Central Ward,-43.53066,172.64841,Private room,161.0,1.0,192,2026-07-18,3.65,2.0,157,28,,2026-08,2026-08-13,26.0
1136634151113125967,Home Away! Early check in / FREE parking & Netflix,569637160.0,Mary,Christchurch City,Central Ward,-43.53067,172.65153,Entire home/apt,151.0,2.0,200,2026-08-13,7.21,1.0,129,86,,2026-08,2026-08-13,0.0
47225488,Comfy entire townhouse with enhanced cleaning,86216394.0,Min,Christchurch City,Central Ward,-43.52359,172.64247,Entire home/apt,176.0,1.0,222,2026-07-28,3.25,42.0,210,26,,2026-08,2026-08-13,16.0
1010663748636372391,Downtown Bliss - 4-BR Retreat Amidst the Cityscape,202585247.0,Ohana,Christchurch City,Central Ward,-43.535568,172.6318853,Entire home/apt,415.0,1.0,213,2026-08-02,6.28,155.0,101,59,,2026-08,2026-08-13,11.0
634098944161725542,Central Stay – Sleeps 5 | Walk to Te Pae & Casino,202585247.0,Ohana,Christchurch City,Central Ward,-43.5261141,172.6337774,Entire home/apt,219.0,1.0,405,2026-08-02,7.94,155.0,191,76,,2026-08,2026-08-13,11.0
958313026752690956,3BR/4BA Townhouse • Sleeps 7 • Parking • Games,202585247.0,Ohana,Christchurch City,Central Ward,-43.535568,172.6318853,Entire home/apt,308.0,1.0,213,2026-08-08,5.88,155.0,121,53,,2026-08,2026-08-13,5.0
714704241562367821,"Fantastic location in CBD, Walk to Stadium",27424928.0,Josie,Christchurch City,Central Ward,-43.5369355,172.6380263,Entire home/apt,163.0,1.0,215,2026-08-08,4.56,1.0,152,58,,2026-08,2026-08-13,5.0
1186205375741916298,Chic and Contemporary Living at Cambridge Terrace,202585247.0,Ohana,Christchurch City,Central Ward,-43.5274687,172.639466,Entire home/apt,249.0,1.0,217,2026-08-10,8.43,155.0,103,91,,2026-08,2026-08-13,3.0
53206741,Sunny 2BR City Pad Free Parking + Walk to CBD,189822451.0,Shaun,Christchurch City,Central Ward,-43.52579,172.64802,Entire home/apt,284.0,1.0,209,2026-04-10,3.71,3.0,107,36,,2026-08,2026-08-13,125.0
45930898,Luxury Sunny Warm CBD At Doorstep.,45768555.0,Hasslefree Accommodation,Christchurch City,Central Ward,-43.53105,172.6442,Entire home/apt,215.0,1.0,246,2026-07-11,3.49,65.0,300,29,,2026-08,2026-08-13,33.0
43582798,2 bedroom stadium apartment with car park,123463466.0,Tracey,Christchurch City,Central Ward,-43.5348,172.64281,Entire home/apt,223.0,2.0,210,2026-07-18,3.35,3.0,96,39,,2026-08,2026-08-13,26.0
1281411573831034460,Urban Retreat: Modern Studio in Central City,56776059.0,Guadalupe,Christchurch City,Central Ward,-43.53900332253586,172.6356739550829,Entire home/apt,155.0,1.0,205,2026-08-09,9.76,1.0,112,95,,2026-08,2026-08-13,4.0
31150918,"Quality, modern,  sunny one bedroom apartment",232627620.0,Geoff,Christchurch City,Central Ward,-43.546379,172.646439,Entire home/apt,175.0,1.0,298,2026-08-10,3.23,3.0,205,33,,2026-08,2026-08-13,3.0
27201423,AMAZING HISTORIC CBD APT - CATHEDRAL & TRAM VIEWS,166878022.0,Michelle,Christchurch City,Central Ward,-43.53112,172.63803,Entire home/apt,283.0,1.0,421,2026-07-25,4.3,2.0,249,64,,2026-08,2026-08-13,19.0
822548955530298991,The City Sanctuary,202585247.0,Ohana,Christchurch City,Central Ward,-43.5366847,172.6407056,Entire home/apt,385.0,1.0,257,2026-08-06,6.02,155.0,116,64,,2026-08,2026-08-13,7.0
855502585938146467,Entertainment Hub 2 bed 2 bath with Free Car park,482671075.0,Care Property Stays,Christchurch City,Central Ward,-43.5366847,172.6407056,Entire home/apt,254.0,1.0,201,2026-07-14,4.91,184.0,210,40,,2026-08,2026-08-13,30.0
687088072539794981,1 Bedroom Apartment Pool Car Park Cathedral Square,452062247.0,Cushla,Christchurch City,Central Ward,-43.53115,172.63809,Entire home/apt,286.0,1.0,260,2026-07-30,5.32,1.0,221,35,,2026-08,2026-08-13,14.0
43654392,CBD 5 pax | Walk Te Pae & Stadium + Parking,40726446.0,Sarah,Christchurch City,Central Ward,-43.5308,172.638748,Entire home/apt,279.0,1.0,428,2026-08-04,5.75,4.0,239,53,,2026-08,2026-08-13,9.0
38358604,Fun and Relaxation The Perfect Mix,291975628.0,Mee,Christchurch City,Cashmere Ward,-43.55973,172.6455,Entire home/apt,,1.0,348,2025-07-26,4.14,1.0,0,0,,2026-08,2026-08-13,383.0
39274870,Private Room with ensuite close to Airport/CBD,55841444.0,Stefano,Christchurch City,Fendalton Ward,-43.50358,172.58965,Private room,,1.0,474,2025-11-08,5.75,1.0,0,10,,2026-08,2026-08-13,278.0
22413337,6min to city centre | Cosy & Quiet Vintage Retreat,133886406.0,Nicole,Christchurch City,Heathcote Ward,-43.5526632,172.642893,Entire home/apt,,1.0,372,2026-04-13,3.54,2.0,0,43,,2026-08,2026-08-13,122.0
22636858,Airport Express Cosy Studio 3 min drive to Airport,166675010.0,Gordon And Wendy,Christchurch City,Waimairi Ward,-43.49745,172.5632,Entire home/apt,164.0,1.0,380,2020-04-03,3.64,1.0,13,0,,2026-08,2026-08-13,2323.0
40707974,Luxe Living in Christchurch CBD ** Free Parking!,174442263.0,Meg,Christchurch City,Central Ward,-43.53476,172.64225,Entire home/apt,,1.0,537,2026-05-31,6.71,3.0,0,66,,2026-08,2026-08-13,74.0
22973894,Quiet unit by the hill & the bay. (Sorry no Shops),110400359.0,Cathy,Christchurch City,Banks Peninsula Ward,-43.61911,172.64747,Entire home/apt,143.0,2.0,377,2026-04-26,3.66,1.0,73,19,,2026-08,2026-08-13,109.0
666076898460296632,"Superb 4 Bedroom with free parking, cafe next door",449624343.0,Lucy,Christchurch City,Riccarton Ward,-43.5308988,172.5882676,Entire home/apt,493.0,1.0,189,2026-07-22,3.8,5.0,257,35,,2026-08,2026-08-13,22.0
40449246,Harbour Escape - tiny home in Lyttelton,16447205.0,Rachel,Christchurch City,Banks Peninsula Ward,-43.60236,172.70845,Entire home/apt,184.0,1.0,761,2026-08-13,9.37,1.0,1,145,,2026-08,2026-08-13,0.0
24018800,"Quiet Cul-de-Sac, Airport 3km, Transfers Avail.",44972250.0,Warren,Christchurch City,Waimairi Ward,-43.50162,172.57375,Private room,,1.0,534,2026-07-13,6.86,1.0,0,150,,2026-08,2026-08-13,31.0
25925037,City Warm Suite (Free Breakfast) *Free cleaning*,74398185.0,Rob,Christchurch City,Fendalton Ward,-43.51215,172.6316,Entire home/apt,,1.0,484,2025-12-14,5.01,4.0,0,10,,2026-08,2026-08-13,242.0
46909371,Luxury and Modern apartment in city center,86216394.0,Min,Christchurch City,Central Ward,-43.52502,172.64274,Entire home/apt,,1.0,229,2025-05-04,3.34,42.0,0,0,,2026-08,2026-08-13,466.0
46301262,Brand-new Inner-city Apartment!,374813070.0,J,Christchurch City,Central Ward,-43.52973,172.64511,Entire home/apt,149.0,1.0,589,2026-07-26,8.53,1.0,56,87,,2026-08,2026-08-13,18.0
29661406,Secret Garden/Spacious Home near Airport,56790664.0,Candy,Christchurch City,Waimairi Ward,-43.52034,172.54638,Entire home/apt,248.0,1.0,411,2026-08-09,4.36,5.0,328,37,,2026-08,2026-08-13,4.0
39840259,Easy Christchurch Central Townhouse,221014561.0,William,Christchurch City,Spreydon Ward,-43.54111,172.61587,Entire home/apt,166.0,1.0,480,2026-07-27,5.84,1.0,234,96,,2026-08,2026-08-13,17.0
51015911,Cosy home in Arena stadium with secure car park,321562392.0,J&H House,Christchurch City,Spreydon Ward,-43.54585,172.60841,Entire home/apt,192.0,1.0,516,2026-07-18,8.36,3.0,125,87,,2026-08,2026-08-13,26.0
37436662,Penthouse apartment overlooking the park,137200167.0,Emma,Christchurch City,Spreydon Ward,-43.54071,172.61797,Entire home/apt,256.0,1.0,191,2026-04-24,2.24,2.0,161,28,,2026-08,2026-08-13,111.0
49865906,Family Perfect! Long Term Bliss.,148604490.0,Leigh,Christchurch City,Spreydon Ward,-43.55613,172.5882,Entire home/apt,242.0,2.0,184,2026-07-18,2.94,3.0,314,31,,2026-08,2026-08-13,26.0
14702230,SiloStay - one of it's kind in the world,91435809.0,Rob,Christchurch City,Banks Peninsula Ward,-43.76857,172.79229,Entire home/apt,250.0,1.0,403,2026-07-22,3.39,1.0,365,36,,2026-08,2026-08-13,22.0
27111058,Kiwi as Bro! Little Sweety!,148604490.0,Leigh,Christchurch City,Spreydon Ward,-43.55603,172.59006,Entire home/apt,241.0,1.0,402,2026-07-24,4.24,3.0,312,24,,2026-08,2026-08-13,20.0
14885987,Halfmoon Cottage at the head of Akaroa harbour.,93365561.0,Cor & Margo,Christchurch City,Banks Peninsula Ward,-43.75784,172.91221,Private room,166.0,2.0,244,2025-02-12,2.03,4.0,48,0,,2026-08,2026-08-13,547.0
51395048,Bel Air Mansion | 6BR | Sleeps 12 | Near CBD,202585247.0,Ohana,Christchurch City,Riccarton Ward,-43.523963928222656,172.59078979492188,Entire home/apt,720.0,1.0,272,2026-08-07,4.46,155.0,60,29,,2026-08,2026-08-13,6.0
9682036,Koromiko Farm Stay @ Loch Sloy Farm Little River,42799059.0,Rob,Christchurch City,Banks Peninsula Ward,-43.781,172.78958,Entire home/apt,325.0,1.0,242,2026-07-30,1.92,2.0,327,28,,2026-08,2026-08-13,14.0
612700216261116966,Peaceful City Cottage & Hot Tub,202585247.0,Ohana,Christchurch City,Central Ward,-43.52005386352539,172.65318298339844,Entire home/apt,267.0,1.0,405,2026-08-08,7.74,155.0,153,78,,2026-08,2026-08-13,5.0
10176247,Stylish 2 Bed Guest Wing near Airport inc Netflix,25471419.0,Cheryl,Christchurch City,Fendalton Ward,-43.51817,172.59099,Private room,129.0,1.0,322,2026-07-17,2.51,2.0,247,29,,2026-08,2026-08-13,27.0
21669515,Deluxe Private Studio close to Airport,90897150.0,Machi And Roger,Christchurch City,Harewood Ward,-43.47928,172.58117,Entire home/apt,129.0,1.0,985,2026-08-11,9.25,1.0,200,142,,2026-08,2026-08-13,2.0
20057526,Maison Rouge,63850245.0,Danielle,Christchurch City,Central Ward,-43.51784,172.65733,Entire home/apt,206.0,2.0,355,2026-07-25,3.24,2.0,280,23,,2026-08,2026-08-13,19.0
966357988562518793,Guest Suite in Strowan,369486357.0,Shawn,Christchurch City,Fendalton Ward,-43.50327,172.60955,Entire home/apt,104.0,1.0,206,2026-07-12,5.74,1.0,357,49,,2026-08,2026-08-13,32.0
16262345,Garden Cottage near airport,6811155.0,Nelson And Therese,Christchurch City,Waimairi Ward,-43.51004,172.57445,Entire home/apt,154.0,1.0,813,2026-08-08,6.91,1.0,183,85,,2026-08,2026-08-13,5.0
23378565,Oasis near city center,173433365.0,Kerry,Christchurch City,Central Ward,-43.52778,172.66296,Private room,84.0,2.0,195,2026-05-04,1.89,2.0,238,17,,2026-08,2026-08-13,101.0
10342831,"Self-Contained Studio 
| 10 min to City + Parking",53230965.0,Ailsa,Christchurch City,Cashmere Ward,-43.56417,172.65503,Entire home/apt,88.0,1.0,641,2026-08-06,5.0,1.0,263,76,,2026-08,2026-08-13,7.0
1097487,Heritage Magic in Merivale,4993285.0,Paulette,Christchurch City,Fendalton Ward,-43.51149,172.6254,Private room,189.0,1.0,230,2025-03-03,1.98,1.0,194,0,,2026-08,2026-08-13,528.0
713337408265816459,3 bedroom townhouse Opposite Hagley Park,74811135.0,Maggie,Christchurch City,Riccarton Ward,-43.53382,172.60985,Entire home/apt,294.0,1.0,261,2026-07-11,5.48,46.0,128,31,,2026-08,2026-08-13,33.0
3363429,A Perfect Stay - Last Minute Specials 3br &Garage,16967897.0,Joan,Christchurch City,Riccarton Ward,-43.52992630004883,172.60997009277344,Entire home/apt,239.0,2.0,399,2026-07-11,2.73,1.0,35,57,,2026-08,2026-08-13,33.0
21717082,Addington-10min/Rail/Wolfbrook Arena/Races/Room A,157981094.0,Carla,Christchurch City,Spreydon Ward,-43.54193,172.60707,Private room,123.0,1.0,254,2026-04-05,2.41,2.0,268,15,,2026-08,2026-08-13,130.0
28210667,Stylish private townhouse. Free parking for 2 cars,201714794.0,Steve,Christchurch City,Central Ward,-43.51598,172.63206,Entire home/apt,124.0,2.0,442,2026-08-08,4.6,2.0,225,83,,2026-08,2026-08-13,5.0
830238950782558696,Addington City Base | 2BR | Free Parking,202585247.0,Ohana,Christchurch City,Spreydon Ward,-43.54470999999999,172.6090661,Entire home/apt,230.0,1.0,291,2026-07-30,7.24,155.0,50,70,,2026-08,2026-08-13,14.0
675571824847066088,Elegant 2-Level Penthouse with Panoramic Views,682808597.0,Devon,Christchurch City,Fendalton Ward,-43.52106,172.62068,Entire home/apt,550.0,1.0,202,2026-08-11,4.21,28.0,208,59,,2026-08,2026-08-13,2.0
22252261,Christchurch 4bdrm close to Hagley Park -Riccarton,76237120.0,Deb,Christchurch City,Riccarton Ward,-43.53122251169707,172.6098010316491,Entire home/apt,212.0,2.0,216,2026-08-02,2.1,2.0,76,39,,2026-08,2026-08-13,11.0
48945694,Experience all the entertainment Christchurch has,377176109.0,Paula,Christchurch City,Central Ward,-43.52963,172.6451,Entire home/apt,157.0,1.0,318,2026-07-18,5.64,2.0,237,46,,2026-08,2026-08-13,26.0
46014929,Modern Stylish Townhouse in the Heart of Chch CBD,41985497.0,Ben Law,Christchurch City,Central Ward,-43.52845,172.64639,Entire home/apt,199.0,1.0,351,2026-07-25,4.99,1.0,205,66,,2026-08,2026-08-13,19.0
1008908987109400598,"Garden View 2BR Near CBD | Yard, Parking + Laundry",202585247.0,Ohana,Christchurch City,Central Ward,-43.53347082189339,172.65796045767212,Entire home/apt,225.0,1.0,195,2026-07-24,5.72,155.0,126,63,,2026-08,2026-08-13,20.0
50625936,Awesome new townhouse with KING Bed on Armagh,86216394.0,Min,Christchurch City,Central Ward,-43.52768,172.64505,Entire home/apt,181.0,1.0,328,2026-07-22,5.28,42.0,151,50,,2026-08,2026-08-13,22.0
748654842441848858,City Centre Apartment on Gloucester,42796710.0,Josh,Christchurch City,Central Ward,-43.529498607324925,172.6450191065669,Entire home/apt,230.0,1.0,351,2026-08-08,7.64,2.0,248,59,,2026-08,2026-08-13,5.0
17415321,"Stylish, Comfortable Clock Tower View Apartment",2185000.0,Jo,Christchurch City,Central Ward,-43.52403,172.63203,Entire home/apt,289.0,1.0,667,2026-08-03,5.82,5.0,239,70,,2026-08,2026-08-13,10.0
887218982616365848,3 Bedroom 2 Bathroom Hagley Parkside Perch,482671075.0,Care Property Stays,Christchurch City,Central Ward,-43.5371353,172.6249013,Entire home/apt,264.0,1.0,194,2026-07-31,4.93,184.0,231,48,,2026-08,2026-08-13,13.0
34342858,"Art, Espresso & Events – Live Like a Local in Chch",67401884.0,Angela,Christchurch City,Central Ward,-43.52681350708008,172.63978576660156,Entire home/apt,165.0,1.0,403,2026-08-11,4.72,3.0,322,67,,2026-08,2026-08-13,2.0
858199393286050410,Designer's Pad In Central City,202585247.0,Ohana,Christchurch City,Central Ward,-43.535478,172.6351439,Entire home/apt,282.0,1.0,274,2026-07-21,6.69,155.0,116,86,,2026-08,2026-08-13,23.0
813259682015692602,Deluxe Central Retreat with Super King Bed,482671075.0,Care Property Stays,Christchurch City,Central Ward,-43.5372287,172.6410557,Entire home/apt,222.0,1.0,220,2026-08-06,5.12,184.0,239,36,,2026-08,2026-08-13,7.0
1161213044338512029,Bright & Airy on Tuam - 2 Beds Apartment,202585247.0,Ohana,Christchurch City,Central Ward,-43.535478,172.6351439,Entire home/apt,237.0,1.0,232,2026-08-05,8.57,155.0,104,113,,2026-08,2026-08-13,8.0
53299205,Luxury 2BR CBD Apartment Walk to Convention Centre,189822451.0,Shaun,Christchurch City,Central Ward,-43.5276975,172.631221,Entire home/apt,267.0,1.0,307,2026-07-14,5.44,3.0,71,36,,2026-08,2026-08-13,30.0
17817425,Rocky Peak Farmstay,121804689.0,Charlotte,Christchurch City,Banks Peninsula Ward,-43.74381,172.85396,Entire home/apt,331.0,1.0,335,2026-08-10,2.96,1.0,190,82,,2026-08,2026-08-13,3.0
5738538,Akaroa Coastal Studio,26183903.0,Jenny And John,Christchurch City,Banks Peninsula Ward,-43.82883,172.94328,Private room,189.0,1.0,735,2026-08-03,5.41,1.0,285,79,,2026-08,2026-08-13,10.0
1004252,Governors Bay Waterfront Retreat,5523780.0,Rosie,Christchurch City,Banks Peninsula Ward,-43.61889,172.65314,Entire home/apt,160.0,2.0,228,2026-04-26,1.41,1.0,265,11,,2026-08,2026-08-13,109.0
612412168196334272,Central Apt | Walk Te Pae + Parking,40726446.0,Sarah,Christchurch City,Central Ward,-43.530663,172.63855,Entire home/apt,219.0,1.0,240,2026-06-06,4.59,4.0,166,12,,2026-08,2026-08-13,68.0
23204560,Retro Hut,158251762.0,Fiona Grace,Christchurch City,Banks Peninsula Ward,-43.71427,172.89668,Entire home/apt,133.0,1.0,298,2026-07-13,2.88,2.0,270,25,,2026-08,2026-08-13,31.0
51215241,New Townhouse in private complex with EV charger,86216394.0,Min,Christchurch City,Spreydon Ward,-43.5449,172.60915,Entire home/apt,222.0,1.0,192,2026-08-01,3.14,42.0,198,23,,2026-08,2026-08-13,12.0
1039291772189383226,Stylish~Central~Gated free car park,537318846.0,Jemima,Christchurch City,Central Ward,-43.51635,172.63747,Entire home/apt,193.0,1.0,197,2026-08-09,6.42,5.0,38,109,,2026-08,2026-08-13,4.0
665376658321129986,Central City in quiet private complex,468061198.0,Susan,Christchurch City,Central Ward,-43.52903,172.64107,Entire home/apt,179.0,1.0,220,2026-08-10,4.98,1.0,241,79,,2026-08,2026-08-13,3.0
553056370657590460,Copper Beech Cottage,219787553.0,Hayley,Christchurch City,Heathcote Ward,-43.56019,172.66271,Entire home/apt,156.0,1.0,465,2026-07-19,8.82,1.0,235,106,,2026-08,2026-08-13,25.0
2723640,Tranquillity with city views at The Bothy,13938410.0,Jen,Christchurch City,Cashmere Ward,-43.5716,172.63094,Entire home/apt,204.0,1.0,206,2026-04-27,1.39,15.0,356,5,,2026-08,2026-08-13,108.0
18466951,"HOME AWAY FROM HOME
ARENA#STADIUM#TRANZALPINE#CITY",125315385.0,Leeanne And David,Christchurch City,Spreydon Ward,-43.54962,172.60355,Entire home/apt,147.0,1.0,704,2026-08-04,6.23,1.0,256,78,,2026-08,2026-08-13,9.0
704556549743355312,The Dream Townhouse,202585247.0,Ohana,Christchurch City,Central Ward,-43.51838,172.64728,Entire home/apt,215.0,1.0,235,2026-08-09,4.93,155.0,152,48,,2026-08,2026-08-13,4.0
880173979573913977,Lincoln road modern townhouse,211195948.0,Jenny,Christchurch City,Spreydon Ward,-43.5433,172.61288,Entire home/apt,215.0,1.0,204,2026-07-16,5.16,19.0,218,64,,2026-08,2026-08-13,28.0
872547136630455957,City Escape – 1BR Apartment with Free Carpark,23278101.0,Jason,Christchurch City,Central Ward,-43.524851,172.6359997,Entire home/apt,220.0,1.0,234,2026-08-02,5.82,19.0,306,80,,2026-08,2026-08-13,11.0
11535067,Delightful Sleep-out in Bryndwr,60851743.0,Marianne & John,Christchurch City,Fendalton Ward,-43.50298,172.5856,Entire home/apt,140.0,1.0,481,2026-06-08,3.78,1.0,350,54,,2026-08,2026-08-13,66.0
746771667732305581,City Retreat by Hagley Park – Guest Favourite,49642171.0,Lily-SimplyHost,Christchurch City,Riccarton Ward,-43.52852182323718,172.6113217111145,Entire home/apt,266.0,1.0,220,2026-04-16,4.83,97.0,223,25,,2026-08,2026-08-13,119.0
777740994793512769,Chic City apartment. Free parking for 2 cars,201714794.0,Steve,Christchurch City,Fendalton Ward,-43.51526,172.6319,Entire home/apt,125.0,2.0,210,2026-08-06,4.81,2.0,41,68,,2026-08,2026-08-13,7.0
888641030989220709,"Ocean Is Just Around The Corner, Sky+Sport,Netflix",514180659.0,Lux Property Care,Christchurch City,Coastal Ward,-43.503886,172.728598,Entire home/apt,219.0,1.0,184,2026-07-28,4.65,3.0,301,37,,2026-08,2026-08-13,16.0
704627124544150486,Family-Friendly 3BR | Games Room & Patio,202585247.0,Ohana,Christchurch City,Riccarton Ward,-43.5362827,172.5920477,Entire home/apt,259.0,1.0,352,2026-07-19,7.33,155.0,153,79,,2026-08,2026-08-13,25.0
1040202047132050220,Stylish ~Gated free car park~King bed~Central,537318846.0,Jemima,Christchurch City,Innes Ward,-43.51545,172.63793,Entire home/apt,199.0,1.0,189,2026-08-07,6.14,5.0,28,98,,2026-08,2026-08-13,6.0
1040165894333073209,Gated free car park~Central~2 Bathroom,537318846.0,Jemima,Christchurch City,Central Ward,-43.51671,172.63641,Entire home/apt,243.0,1.0,248,2026-07-18,8.03,5.0,59,98,,2026-08,2026-08-13,26.0
39993113,Near New Charming Central Apartment,308350984.0,Elijah,Christchurch City,Central Ward,-43.52841,172.64482,Entire home/apt,151.0,1.0,409,2026-08-13,5.04,1.0,191,87,,2026-08,2026-08-13,0.0
